Country/Territory,Year,Temperature_C,Precipitation_mm,Surface_Pressure_Pa,Dewpoint_K,Wind_Speed_ms
Algeria,1990,24.84967,0.6799698,95017.164,275.07843,3.000378
Algeria,1991,23.475891,0.6227493,94956.99,273.58542,2.6504846
Algeria,1992,23.335693,0.5674362,95011.01,273.7668,2.4971378
Algeria,1993,24.65216,0.37384033,94949.945,273.51514,1.8438581
Algeria,1994,24.26184,1.4066696,94995.88,274.1876,2.7510374
Algeria,1995,24.673737,1.0099411,94945.086,274.24365,2.5367053
Algeria,1996,24.755615,1.4667511,94845.12,273.89774,1.7172785
Algeria,1997,24.564026,0.9536743,95007.586,274.23294,1.9750398
Algeria,1998,24.7406,0.5874634,95036.77,274.00092,2.8324895
Algeria,1999,25.154236,1.8692017,94932.52,273.7015,2.367445
Algeria,2000,24.686523,0.4415512,95022.54,273.0068,3.3213575
Algeria,2001,25.757233,0.62942505,94995.914,272.82358,2.507439
Algeria,2002,25.390717,0.9059906,94988.836,274.12643,2.4993625
Algeria,2003,24.947144,1.4686584,94948.98,275.08505,2.6979833
Algeria,2004,24.769531,1.9073486,94940.87,274.43576,2.3076162
Algeria,2005,25.38565,0.57411194,94930.055,274.76184,2.6745238
Algeria,2006,25.237488,1.0604858,94961.56,275.0756,2.5753975
Algeria,2007,25.328674,0.18692017,94966.945,274.57797,2.2702277
Algeria,2008,24.959015,1.203537,94981.41,273.99637,2.510953
Algeria,2009,24.950317,1.4009476,94947.65,274.97543,2.4660194
Algeria,2010,26.45111,0.4348755,94846.66,275.38263,1.1535146
Algeria,2011,24.899933,0.92601776,94974.625,274.6907,3.2028546
Algeria,2012,24.847076,0.45776367,94990.24,273.92114,2.7617743
Algeria,2013,25.059967,0.5092621,94921.414,273.99667,2.0125427
Algeria,2014,25.656738,0.749588,94936.5,274.19986,2.0020845
Algeria,2015,25.31134,0.49972534,95090.07,274.16742,2.5607414
Algeria,2016,26.010681,0.54359436,95001.73,273.29843,2.0801349
Algeria,2017,25.30426,1.2397766,95027.94,273.44345,3.3503149
Algeria,2018,25.388733,1.0700226,94912.07,273.3861,1.4262135
Algeria,2019,25.236877,1.4324188,94968.49,272.02206,2.5342238
Argentina,1990,13.447662,32.461166,101912.664,282.62448,4.374109
Argentina,1991,13.052246,32.707214,101754.32,282.2952,5.4421773
Argentina,1992,12.170319,36.209106,101815.68,281.66135,5.5181
Argentina,1993,13.123047,33.0925,101738.53,282.4375,5.1289883
Argentina,1994,13.328247,31.018257,101885.72,282.6075,4.759526
Argentina,1995,13.057678,34.823418,101866.664,282.2775,4.5382876
Argentina,1996,12.554932,34.683228,101731.37,281.7656,4.8351216
Argentina,1997,13.015991,33.47206,101889.414,282.2396,4.9916644
Argentina,1998,13.134949,30.947685,101903.44,282.35736,5.329761
Argentina,1999,13.197052,31.77452,101784.44,282.5005,5.484055
Argentina,2000,13.352844,35.037994,101934.54,282.42105,4.6962285
Argentina,2001,12.894775,32.76825,101875.75,281.897,4.6235666
Argentina,2002,12.673431,35.95543,101792.25,282.00748,5.1464477
Argentina,2003,12.523468,32.59468,101827.56,281.7125,5.084322
Argentina,2004,13.009277,24.682045,101900.78,282.45612,5.3140135
Argentina,2005,12.947998,27.747154,101914.63,282.24753,4.8812284
Argentina,2006,13.367065,30.902863,101958.15,282.47452,4.202928
Argentina,2007,13.225952,35.28118,101835.445,282.11673,5.205066
Argentina,2008,13.223999,37.423134,101834.49,282.23367,4.0320163
Argentina,2009,13.573212,34.314156,101833.98,282.73422,3.9874701
Argentina,2010,13.109009,32.892227,101897.74,282.10675,4.2553115
Argentina,2011,13.41687,27.5383,101992.29,282.38,4.2102337
Argentina,2012,13.486877,25.761604,101921.49,282.6373,5.402146
Argentina,2013,13.462158,30.220032,101912.164,282.5626,5.215556
Argentina,2014,13.137543,32.67765,101946.75,282.55713,4.555106
Argentina,2015,13.529602,31.338692,101951.32,282.62674,4.7409587
Argentina,2016,13.172302,36.08322,101915.98,282.35376,5.0394835
Argentina,2017,13.06955,27.033806,101997.6,282.14072,4.7117186
Argentina,2018,13.463104,36.364555,101790.07,282.55652,4.615706
Argentina,2019,13.232483,36.607742,101767.57,282.49603,5.25979
Australia,1990,22.436432,6.054878,97063.25,277.47882,2.3458393
Australia,1991,22.972473,2.752304,97025.66,277.532,2.230527
Australia,1992,21.942291,5.1050186,97074.68,277.94437,2.0532744
Australia,1993,22.302734,6.9789886,97149.195,278.64014,2.2985897
Australia,1994,21.893188,3.0508041,97224.055,275.21317,2.549662
Australia,1995,21.720459,11.807442,97092.086,278.96664,2.1258066
Australia,1996,22.868408,2.817154,96995.445,276.48434,2.1590393
Australia,1997,22.098022,11.898041,97205.914,279.40775,2.450186
Australia,1998,22.644226,7.475853,97136.85,279.5369,2.6389835
Australia,1999,22.510376,4.1713715,97069.6,278.04672,2.553816
Australia,2000,21.522766,12.845993,97025.125,280.50095,2.3397753
Australia,2001,20.963287,15.949249,97075.75,280.2772,1.9828675
Australia,2002,22.210693,3.3416748,97120.586,275.5939,2.3910422
Australia,2003,22.380249,7.993698,97048.56,277.44736,2.0254884
Australia,2004,22.619934,5.2890778,97095.37,277.42178,2.2899477
Australia,2005,22.9729,6.1073303,97048.555,276.77063,2.0818532
Australia,2006,23.012573,2.380371,97150.15,276.6345,2.8016937
Australia,2007,22.870178,5.1031113,97044.62,276.59232,2.3483527
Australia,2008,22.365112,6.641388,97072.41,275.9946,2.5639632
Australia,2009,23.080536,2.5281906,97015.15,276.31445,2.1601837
Australia,2010,20.770142,16.618729,97124.66,281.02017,2.4806552
Australia,2011,21.583862,7.730484,97043.79,279.68845,2.4387078
Australia,2012,21.857971,5.525589,97112.91,276.6705,2.4899697
Australia,2013,23.310303,4.4727325,97038.664,276.61157,2.3509855
Australia,2014,22.897797,4.319191,97110.914,277.243,2.2662468
Australia,2015,22.452454,6.729126,97230.82,276.45062,2.7322297
Australia,2016,22.186157,12.268066,97066.06,279.53427,1.834248
Australia,2017,22.733612,4.515648,97094.69,277.35376,2.339517
Australia,2018,22.99289,2.6693344,97071.16,276.42404,2.3461428
Australia,2019,23.412659,0.7095337,97235.66,274.1396,2.775247
Bangladesh,1990,25.394104,72.94655,100731.25,294.43747,1.0267161
Bangladesh,1991,25.433258,75.75321,100759.74,294.30106,1.1296461
Bangladesh,1992,25.481201,49.65973,100799.34,293.9359,1.0813739
Bangladesh,1993,25.19336,88.66596,100791.62,294.2194,1.0401958
Bangladesh,1994,25.421509,57.725906,100739.97,294.2042,0.9333312
Bangladesh,1995,25.640198,60.23407,100744.25,294.24805,1.1245798
Bangladesh,1996,25.721619,63.137054,100703.87,294.4692,0.9902435
Bangladesh,1997,25.151093,71.17462,100839.664,294.06253,0.83335346
Bangladesh,1998,25.61966,81.34651,100797.69,294.9827,0.84633964
Bangladesh,1999,25.889923,62.257767,100657.69,294.5244,0.9742331
Bangladesh,2000,25.383606,63.326836,100680.625,294.38913,1.0608487
Bangladesh,2001,25.491608,66.64848,100716.086,294.3314,0.9521656
Bangladesh,2002,25.48529,76.71356,100765.0,294.4821,0.87886447
Bangladesh,2003,25.536316,60.01091,100803.98,294.489,0.8849964
Bangladesh,2004,25.68097,73.90404,100763.78,294.4488,1.1455692
Bangladesh,2005,25.987854,62.265396,100751.305,294.85852,0.934565
Bangladesh,2006,26.159363,53.346634,100744.81,294.66934,0.93135417
Bangladesh,2007,25.62555,81.272125,100724.53,294.47806,0.96828955
Bangladesh,2008,25.798706,63.757896,100686.82,294.7148,0.98867846
Bangladesh,2009,26.355774,56.79035,100683.9,294.76367,1.0592675
Bangladesh,2010,26.526154,57.37877,100701.07,295.01886,1.2774799
Bangladesh,2011,25.545288,65.143585,100699.96,294.34518,0.8775015
Bangladesh,2012,25.687897,52.61326,100670.16,294.37378,1.0858629
Bangladesh,2013,25.526611,54.880142,100740.914,294.33047,0.7447795
Bangladesh,2014,25.637054,43.263435,100793.164,294.55405,0.7938845
Bangladesh,2015,25.764954,69.52667,100849.49,294.97977,0.7407708
Bangladesh,2016,26.334412,61.18965,100760.15,295.58798,1.0422195
Bangladesh,2017,25.881714,81.05469,100766.44,295.21152,0.83107543
Bangladesh,2018,25.657928,54.305077,100771.16,294.72513,0.8880686
Bangladesh,2019,26.073944,56.679726,100836.16,295.12704,0.782626
Belgium,1990,10.461487,26.36242,99942.25,279.5545,1.9040954
Belgium,1991,9.280914,22.50576,100009.49,278.91403,1.2080624
Belgium,1992,9.965393,27.60601,99951.34,279.9424,1.6361912
Belgium,1993,9.61441,29.910088,99920.62,279.24673,1.479426
Belgium,1994,10.749481,27.392387,99787.305,280.44052,1.9305527
Belgium,1995,10.468658,27.99797,99825.914,280.1709,1.4069817
Belgium,1996,8.599701,23.620605,99786.12,278.16647,0.61426234
Belgium,1997,10.204651,25.096893,99952.414,279.79788,1.1891752
Belgium,1998,10.001343,32.770157,99856.44,280.10526,2.397495
Belgium,1999,10.600037,29.065132,99746.44,280.40494,1.8500031
Belgium,2000,10.638672,33.901215,99733.54,280.7153,2.3670785
Belgium,2001,10.2300415,35.484314,99814.336,280.11835,1.6127815
Belgium,2002,10.733643,34.044266,99767.086,280.56412,1.6209611
Belgium,2003,10.572632,22.83287,99991.23,279.45956,0.9667675
Belgium,2004,10.113281,25.835037,99879.87,279.7818,1.6678227
Belgium,2005,10.38208,24.538994,99999.47,280.12625,1.3904365
Belgium,2006,10.717957,27.467728,99895.98,280.39474,1.5862439
Belgium,2007,10.772186,30.647278,99948.53,280.5521,1.6104364
Belgium,2008,10.135925,29.519081,99818.16,279.76868,1.8622557
Belgium,2009,10.214172,28.027534,99749.73,279.70834,1.4650736
Belgium,2010,9.010193,29.756546,99660.32,278.53317,0.7969293
Belgium,2011,10.967163,25.298119,99994.54,280.31067,1.7270187
Belgium,2012,10.000061,30.982018,99856.74,279.79092,1.8083464
Belgium,2013,9.46051,26.464462,99799.336,279.225,1.0244999
Belgium,2014,11.206726,29.1605,99637.664,281.02036,1.8174602
Belgium,2015,10.611633,25.568962,100053.74,280.0535,1.7829785
Belgium,2016,10.322693,29.426575,99897.06,280.08212,1.4830669
Belgium,2017,10.693085,27.061462,99952.44,280.19067,1.904862
Belgium,2018,11.193085,24.943352,99816.32,280.00656,0.8340175
Belgium,2019,10.908081,28.400421,99776.24,280.012,1.6829542
Brazil,1990,21.151276,3.4923553,101571.086,290.02994,6.483532
Brazil,1991,20.988586,3.5276413,101590.57,289.73303,6.5914288
Brazil,1992,20.485413,3.8871765,101614.76,289.50363,6.845353
Brazil,1993,21.331696,2.9182434,101560.62,290.03043,6.1373806
Brazil,1994,21.013489,3.4093857,101577.555,289.69135,6.6953893
Brazil,1995,21.389557,3.581047,101535.0,290.2064,6.6498556
Brazil,1996,21.161072,3.370285,101527.87,289.84583,6.567055
Brazil,1997,20.730042,3.124237,101593.336,289.78485,6.353946
Brazil,1998,20.994812,3.271103,101588.35,289.99603,6.848861
Brazil,1999,21.3349,3.2424927,101517.85,290.1019,6.6758904
Brazil,2000,21.131653,3.3912659,101528.625,289.93048,6.710153
Brazil,2001,21.289948,3.7155151,101564.25,289.86835,6.5454044
Brazil,2002,21.105896,3.604889,101573.0,289.92575,6.905747
Brazil,2003,21.337097,3.0117035,101556.4,290.14917,6.712069
Brazil,2004,20.976868,3.2224655,101580.78,289.47873,6.6737657
Brazil,2005,21.281006,3.206253,101563.63,289.90506,6.884061
Brazil,2006,21.048523,3.1967163,101551.9,289.73868,6.54976
Brazil,2007,21.01062,3.3140182,101550.78,289.87762,7.006868
Brazil,2008,21.402374,4.053116,101482.82,290.21643,6.683914
Brazil,2009,21.46759,3.5591125,101523.81,290.09488,6.508835
Brazil,2010,21.506775,3.6239624,101511.41,290.21173,6.767975
Brazil,2011,21.233582,4.470825,101499.46,289.8735,6.8210807
Brazil,2012,20.809967,3.3187866,101586.07,289.3767,6.8285728
Brazil,2013,21.07608,3.326416,101584.5,289.6583,7.0661254
Brazil,2014,21.370453,3.3254623,101599.164,289.7329,6.7764072
Brazil,2015,21.19983,3.5037994,101623.91,289.92343,6.8876834
Brazil,2016,21.613556,2.9067993,101588.4,290.40176,6.8435435
Brazil,2017,21.321503,3.3597946,101564.69,289.98398,6.7382474
Brazil,2018,21.330292,3.1929016,101561.16,290.13235,6.8527966
Brazil,2019,21.524292,2.8896332,101555.99,290.54013,6.7096305
Canada,1990,9.932373,26.486397,101061.414,279.87335,4.0686393
Canada,1991,9.339355,22.206306,101383.66,279.47897,2.4096453
Canada,1992,9.634674,23.757935,101250.09,279.5002,3.3176415
Canada,1993,8.907867,21.541595,101348.695,278.91016,1.8785477
Canada,1994,9.339966,21.37661,101034.555,279.3201,2.890149
Canada,1995,9.545166,26.158333,101219.586,279.35873,2.1919198
Canada,1996,8.838806,21.402359,101376.945,278.713,1.1902338
Canada,1997,9.971252,22.586823,101326.664,280.098,2.241357
Canada,1998,9.639526,31.514168,101067.27,279.70175,2.688561
Canada,1999,9.912231,29.542923,100991.1,279.9069,2.9514794
Canada,2000,9.694,30.732155,100937.125,279.75275,2.4614859
Canada,2001,9.578522,27.711868,101249.914,279.522,1.7033762
Canada,2002,10.369385,29.808044,101117.0,280.3195,2.4131238
Canada,2003,10.474976,22.813797,101396.23,280.4916,2.6129172
Canada,2004,10.167633,28.637886,101172.12,280.3254,2.7024202
Canada,2005,9.952057,25.310516,101394.97,279.9697,2.4324887
Canada,2006,10.370972,26.021957,101182.23,280.4151,2.8302057
Canada,2007,10.212463,24.759293,101294.195,280.19565,3.0213091
Canada,2008,9.901886,32.971382,101063.32,279.84207,2.70998
Canada,2009,10.054016,30.057907,101066.81,279.9938,2.8858862
Canada,2010,9.038208,29.953003,101264.74,278.81003,0.7796323
Canada,2011,9.967957,27.060509,101196.375,280.1069,3.7912116
Canada,2012,9.360596,31.996727,101178.41,279.3207,2.2550464
Canada,2013,9.400635,22.75467,101240.75,279.2369,2.2616625
Canada,2014,10.50473,28.268814,100897.164,280.7238,2.9664838
Canada,2015,9.786438,27.440071,101217.82,279.8497,4.042109
Canada,2016,10.042908,26.283264,101268.48,280.07217,2.1614125
Canada,2017,10.241913,31.49414,101192.19,280.31308,3.2558854
Canada,2018,9.960663,24.798393,101263.07,279.98538,2.2580416
Canada,2019,10.268127,26.533127,101077.32,280.22748,2.3680966
Chile,1990,15.662842,32.785416,102080.164,284.50192,2.902338
Chile,1991,15.277496,27.43435,101974.99,284.09387,4.1314306
Chile,1992,14.49942,22.1529,102051.59,283.61365,4.204696
Chile,1993,15.4296875,35.107613,101943.945,284.40903,3.5548627
Chile,1994,15.436829,26.12114,102072.13,284.20047,3.1782403
Chile,1995,15.401276,31.36921,102047.586,284.17935,3.3982346
Chile,1996,14.786072,29.001236,101933.445,283.4259,3.7277875
Chile,1997,15.427307,29.777527,102083.336,283.95932,3.2605798
Chile,1998,15.543335,24.906158,102105.1,284.3528,3.6949909
Chile,1999,15.637146,26.445389,101998.02,284.40024,3.7853713
Chile,2000,15.548004,26.490211,102112.21,284.12076,3.02646
Chile,2001,15.035065,26.124954,102052.414,283.50604,3.1885421
Chile,2002,14.974213,24.177551,102017.164,283.98776,3.8219664
Chile,2003,15.259308,26.479721,102020.23,283.85782,3.413847
Chile,2004,15.219391,18.931389,102106.87,284.26617,3.5127468
Chile,2005,15.301025,24.39785,102093.555,283.9915,3.167618
Chile,2006,15.550476,25.028229,102118.48,284.23557,2.6511977
Chile,2007,15.45871,28.06282,102039.78,283.869,3.569096
Chile,2008,15.495972,35.227776,101990.66,283.9868,2.9655805
Chile,2009,15.697723,28.403282,101992.98,284.33057,2.7090046
Chile,2010,15.298767,31.833649,102051.49,283.68536,2.625682
Chile,2011,15.201538,20.887375,102147.625,283.52322,2.5407174
Chile,2012,15.492432,19.583702,102135.16,284.28116,3.5956206
Chile,2013,15.818756,22.541046,102111.914,284.28622,3.6033013
Chile,2014,15.509613,21.457672,102121.414,284.3065,3.2708836
Chile,2015,15.860321,27.448654,102134.91,284.43436,3.3079069
Chile,2016,15.528442,27.20642,102118.65,284.2745,3.5191622
Chile,2017,15.437225,22.262573,102161.94,283.85245,2.8761845
Chile,2018,15.661011,31.16417,101974.82,284.16214,3.4013085
Chile,2019,15.838928,28.917313,101981.82,284.5128,3.89004
China,1990,6.6436157,19.426346,77833.914,272.63345,0.47827256
China,1991,6.4851685,16.40892,77822.32,272.0579,0.7501656
China,1992,5.971924,23.67878,77842.76,272.22806,0.66852885
China,1993,5.8209534,20.87593,77867.53,272.50943,0.6449481
China,1994,6.706024,23.737907,77831.64,272.92685,0.79180366
China,1995,6.0575256,24.32251,77880.164,271.39307,0.5871698
China,1996,5.4924316,21.348953,77829.445,271.75974,0.6437474
China,1997,6.8623657,18.945694,77855.17,271.98944,0.81529194
China,1998,7.6793823,23.036003,77857.19,273.11777,0.71101254
China,1999,7.2483215,22.695541,77852.1,272.2736,0.7782183
China,2000,6.753418,20.774841,77809.12,271.95084,0.7278294
China,2001,7.208069,17.98439,77849.836,271.60272,0.7175447
China,2002,7.211029,20.681381,77861.24,272.1401,0.6107726
China,2003,6.9664917,22.413254,77845.055,272.7584,0.70723504
China,2004,7.00943,18.539429,77894.87,270.97012,0.5311915
China,2005,6.6428223,23.379326,77853.97,271.78317,0.7512611
China,2006,7.7406006,19.781113,77873.65,271.8482,0.6485189
China,2007,7.2210693,25.538445,77885.62,272.1491,0.5655305
China,2008,6.4951477,17.822266,77869.16,271.13895,0.5124886
China,2009,7.2493286,17.415047,77820.15,271.81412,0.74705255
China,2010,7.0466614,17.66777,77841.49,271.54767,0.82531154
China,2011,6.651886,17.539978,77850.71,271.40134,0.64940536
China,2012,6.1657715,19.411087,77753.91,271.50024,0.68721074
China,2013,7.9110413,22.851944,77846.336,271.08487,0.5471618
China,2014,7.376465,21.95549,77879.414,271.5978,0.6695123
China,2015,7.8197937,17.580032,77903.66,271.88553,0.571576
China,2016,8.018494,14.928818,77908.305,271.6791,0.5593715
China,2017,7.093628,22.260666,77956.766,271.96753,0.5419807
China,2018,6.9866943,20.34378,77889.07,272.1908,0.69283515
China,2019,7.119507,21.066666,77915.07,272.07367,0.58112884
Colombia,1990,26.18985,35.087585,101178.0,296.4798,4.252648
Colombia,1991,26.408508,36.916733,101183.41,296.36356,4.2038574
Colombia,1992,26.223694,28.294563,101194.26,296.0702,4.195883
Colombia,1993,26.43814,36.20243,101179.28,296.298,4.0251007
Colombia,1994,26.329895,33.53119,101176.055,296.28363,4.1318455
Colombia,1995,26.670319,33.411026,101133.914,296.53662,4.0398445
Colombia,1996,26.420166,36.434174,101128.28,296.33508,4.312787
Colombia,1997,26.327026,38.76877,101195.664,296.31577,4.043672
Colombia,1998,26.842651,22.921562,101166.02,296.84076,4.092187
Colombia,1999,26.369263,38.79547,101117.27,296.30176,4.0369973
Colombia,2000,26.325989,35.98404,101124.29,296.19595,4.1997924
Colombia,2001,26.338776,36.12137,101169.336,296.17548,4.4024663
Colombia,2002,26.459076,37.872314,101167.586,296.36978,4.2671614
Colombia,2003,26.65091,39.852142,101156.15,296.57822,4.163503
Colombia,2004,26.42984,35.339355,101163.12,296.42242,4.0862083
Colombia,2005,26.523193,28.715134,101141.22,296.4695,4.17438
Colombia,2006,26.611511,34.793854,101143.23,296.48703,4.238715
Colombia,2007,26.57492,39.57939,101136.695,296.3493,4.0644155
Colombia,2008,26.645538,35.657883,101092.91,296.29456,3.6766396
Colombia,2009,26.48288,33.153534,101133.31,296.44693,4.19004
Colombia,2010,26.93158,43.727875,101104.41,296.70734,4.1662073
Colombia,2011,26.528503,33.020973,101098.625,296.39368,4.1776805
Colombia,2012,26.308655,36.233902,101166.07,296.34854,4.3611274
Colombia,2013,26.377686,27.349472,101171.586,296.38077,4.2672663
Colombia,2014,26.353699,50.80986,101185.0,296.50034,4.3524756
Colombia,2015,26.503387,28.879166,101220.32,296.45682,4.1286917
Colombia,2016,26.7034,37.4012,101193.23,296.91025,4.1366034
Colombia,2017,26.622772,47.644615,101155.85,296.7792,4.0938954
Colombia,2018,26.656128,37.456512,101157.41,296.71457,4.2944136
Colombia,2019,26.990295,53.837776,101160.41,296.97748,4.1626363
Ecuador,1990,25.06192,16.113281,101251.586,294.98273,4.612381
Ecuador,1991,25.264313,21.630287,101255.41,294.85916,4.6413236
Ecuador,1992,24.550049,13.562202,101280.93,294.49515,4.671965
Ecuador,1993,25.267395,17.284393,101247.78,295.0319,4.563834
Ecuador,1994,24.998657,20.215034,101250.97,294.77533,4.463977
Ecuador,1995,25.476624,22.350311,101203.164,295.2832,4.3406763
Ecuador,1996,25.199799,21.211624,101196.195,294.95993,4.344367
Ecuador,1997,24.99533,16.901016,101269.25,294.7427,4.619987
Ecuador,1998,25.879425,28.104782,101233.02,295.36957,4.487888
Ecuador,1999,25.413025,28.282166,101181.27,295.0934,4.3983383
Ecuador,2000,25.030762,24.217606,101198.46,294.79538,4.50777
Ecuador,2001,24.953857,19.153595,101243.75,294.67953,4.9065394
Ecuador,2002,25.352783,22.123337,101231.914,294.8701,4.707333
Ecuador,2003,25.529175,21.726608,101222.98,295.0873,4.746076
Ecuador,2004,25.118805,14.686584,101236.195,294.78488,4.979953
Ecuador,2005,25.033752,30.360222,101218.055,294.89743,4.7924867
Ecuador,2006,25.363312,21.633148,101214.73,294.97092,4.8746324
Ecuador,2007,25.44748,32.19986,101201.03,295.05,4.7734756
Ecuador,2008,25.523956,26.306152,101149.99,295.19382,4.630843
Ecuador,2009,25.387177,29.611588,101194.73,295.11166,4.5917892
Ecuador,2010,25.456818,14.318466,101175.82,295.14825,4.891571
Ecuador,2011,25.085968,17.242432,101168.46,294.95926,4.715432
Ecuador,2012,25.146057,20.629883,101238.32,294.7372,5.1394353
Ecuador,2013,25.00885,24.0345,101242.164,294.8043,4.747629
Ecuador,2014,25.055511,19.648552,101258.914,294.80484,4.901934
Ecuador,2015,25.09143,22.019386,101290.74,295.05545,4.798944
Ecuador,2016,25.68988,19.512177,101257.9,295.47095,4.785549
Ecuador,2017,25.375214,25.32196,101223.52,295.316,4.914431
Ecuador,2018,25.601624,14.279366,101225.74,295.17175,5.019001
Ecuador,2019,25.871307,25.762558,101228.24,295.6928,4.4846106
Egypt,1990,21.979065,0.04673004,98268.164,279.951,3.94673
Egypt,1991,22.135742,0.32138824,98252.49,280.0631,3.6309006
Egypt,1992,21.51178,0.05722046,98324.93,279.32117,3.7012053
Egypt,1993,22.399567,0.0371933,98260.695,280.20166,3.7588224
Egypt,1994,22.453247,0.55503845,98244.055,280.5037,3.5693657
Egypt,1995,22.33014,0.2975464,98256.086,280.79233,4.138325
Egypt,1996,22.618408,0.015258789,98163.03,280.4469,3.616403
Egypt,1997,22.088593,0.18882751,98296.25,280.26337,3.5632682
Egypt,1998,22.820831,0.022888184,98251.02,280.6147,3.6292381
Egypt,1999,22.755646,0.24604797,98223.27,280.84814,4.047408
Egypt,2000,22.00293,0.008583069,98254.21,280.2863,4.2075186
Egypt,2001,22.715576,0.020980835,98241.914,280.5806,3.8464396
Egypt,2002,23.04126,0.04196167,98259.0,280.98892,3.737973
Egypt,2003,22.6763,0.02861023,98224.4,280.22226,3.5557718
Egypt,2004,22.764465,0.06484985,98257.87,279.81842,3.6258004
Egypt,2005,22.629639,0.030517578,98256.38,280.56213,3.7743516
Egypt,2006,22.565613,0.045776367,98240.9,280.40143,3.7352047
Egypt,2007,22.796753,0.032424927,98246.28,280.21014,3.5057917
Egypt,2008,23.106323,0.16593933,98244.07,280.09177,3.7987757
Egypt,2009,22.942352,0.02002716,98223.4,279.85092,3.3722305
Egypt,2010,24.537872,0.09918213,98142.41,281.14874,3.329973
Egypt,2011,22.344269,0.089645386,98232.625,280.29782,3.8097966
Egypt,2012,22.94049,0.089645386,98191.57,279.97128,3.5095766
Egypt,2013,22.987366,0.022888184,98195.086,279.8474,3.5389938
Egypt,2014,23.500977,0.46348572,98248.836,280.6206,3.437742
Egypt,2015,23.341125,0.16021729,98296.74,280.72894,3.7199874
Egypt,2016,23.587341,0.032424927,98282.9,280.9459,3.7653584
Egypt,2017,22.842651,0.0333786,98277.85,280.4973,3.8312063
Egypt,2018,23.890198,0.0705719,98203.99,280.82053,3.4512014
Egypt,2019,23.243378,0.12874603,98233.32,279.63406,3.231619
Ethiopia,1990,24.596252,20.553589,88760.836,285.9427,0.79481214
Ethiopia,1991,25.085938,17.325401,88748.99,285.76282,0.71524405
Ethiopia,1992,24.549225,18.239975,88771.59,286.54514,0.6007271
Ethiopia,1993,24.326324,23.88668,88791.53,286.04053,0.7845456
Ethiopia,1994,25.238586,16.433716,88746.305,284.92752,0.6564216
Ethiopia,1995,25.536865,14.629364,88721.25,285.72348,0.70975864
Ethiopia,1996,24.829834,20.004272,88698.945,286.1056,0.72441787
Ethiopia,1997,24.947327,23.84758,88794.0,286.6849,0.6974133
Ethiopia,1998,25.785187,16.101837,88772.44,286.28983,0.7296176
Ethiopia,1999,25.354614,15.782356,88706.35,284.8563,0.80470276
Ethiopia,2000,24.595032,14.564514,88698.875,284.1406,0.8788087
Ethiopia,2001,24.529846,20.298004,88730.0,285.13803,0.772886
Ethiopia,2002,25.577393,15.045166,88739.914,285.15347,0.8282765
Ethiopia,2003,24.806671,15.880585,88748.31,285.2976,0.66989493
Ethiopia,2004,25.066711,17.03453,88753.62,285.01944,0.6435304
Ethiopia,2005,25.72174,14.949799,88744.72,284.47635,0.7633166
Ethiopia,2006,25.347351,22.773743,88727.98,286.7668,0.765829
Ethiopia,2007,25.61023,14.094353,88726.195,285.4035,0.66934717
Ethiopia,2008,25.18866,16.067505,88698.74,283.71188,0.7802859
Ethiopia,2009,26.338348,13.590813,88712.15,284.91147,0.6748413
Ethiopia,2010,25.234497,23.029327,88719.24,286.22476,0.7879417
Ethiopia,2011,25.704285,12.149811,88672.21,284.19983,0.68876076
Ethiopia,2012,26.115631,9.427071,88693.99,284.0974,0.7302579
Ethiopia,2013,25.515686,16.223907,88716.836,285.80835,0.7838695
Ethiopia,2014,25.801758,17.731667,88760.836,285.91943,0.62433934
Ethiopia,2015,26.730103,10.00309,88761.24,284.8367,0.70530427
Ethiopia,2016,26.392853,21.011353,88785.98,286.20386,0.794505
Ethiopia,2017,26.147675,10.507584,88751.52,284.32822,0.77993345
Ethiopia,2018,25.645874,16.259193,88750.66,285.39914,0.80949205
Ethiopia,2019,25.90158,18.292427,88766.82,286.6544,0.6587398
Fiji,1990,21.56372,81.19488,95472.086,292.36667,1.4871821
Fiji,1991,21.498352,79.57935,95454.91,291.9951,1.1801666
Fiji,1992,21.39444,65.14549,95450.59,291.9387,1.4155704
Fiji,1993,21.039368,69.69547,95512.37,291.47314,1.6445442
Fiji,1994,21.082153,64.02779,95494.805,291.47244,1.4896972
Fiji,1995,21.535553,59.951782,95530.0,292.20605,1.5496955
Fiji,1996,21.614197,80.03807,95485.195,292.44168,1.2432808
Fiji,1997,21.093475,88.134766,95501.25,291.77444,1.5679102
Fiji,1998,21.777039,50.380707,95632.6,292.19296,1.7709975
Fiji,1999,21.653442,107.69653,95521.44,292.8768,1.126493
Fiji,2000,21.861328,93.10055,95465.29,293.03888,0.99902016
Fiji,2001,21.74292,74.56589,95440.836,292.65366,1.1219561
Fiji,2002,21.925049,79.372406,95459.086,293.01495,1.3810618
Fiji,2003,21.458038,66.596985,95467.56,292.15518,1.374736
Fiji,2004,21.6315,72.17789,95476.53,292.29288,1.4546875
Fiji,2005,21.684479,77.72446,95475.38,292.40182,1.3194196
Fiji,2006,21.554077,70.30487,95499.31,292.35358,1.4696748
Fiji,2007,22.485565,94.11049,95435.37,293.59262,1.1940814
Fiji,2008,22.055206,90.847015,95530.74,293.09128,1.0492518
Fiji,2009,21.298462,97.30244,95482.4,292.23892,1.2851119
Fiji,2010,22.159943,80.163956,95526.99,293.0667,1.4867859
Fiji,2011,21.87796,103.33061,95501.79,293.11258,0.9993516
Fiji,2012,21.683167,118.7706,95480.57,292.8142,1.160116
Fiji,2013,22.02237,79.52118,95443.914,292.9939,1.0945563
Fiji,2014,21.546387,65.26947,95485.164,292.1818,1.3818562
Fiji,2015,21.36438,68.42613,95521.07,292.1627,1.6571388
Fiji,2016,22.165161,90.27481,95484.56,292.85977,1.1992333
Fiji,2017,22.333557,85.16693,95500.6,293.19653,1.2488569
Fiji,2018,22.214417,88.858604,95461.74,292.89783,1.0751998
Fiji,2019,22.326385,98.1493,95457.99,293.23676,1.3000907
France,1990,11.473206,26.080132,97190.914,279.93893,1.1094242
France,1991,10.331207,21.541595,97146.82,279.50565,0.76098764
France,1992,10.68042,28.258324,97158.18,280.31076,1.0460271
France,1993,10.372223,28.565407,97120.28,279.42123,0.97725916
France,1994,11.7309265,33.989906,97050.88,281.20746,1.4372097
France,1995,11.326233,27.20356,97044.164,280.0,1.0424795
France,1996,10.2725525,30.546188,96846.445,279.1129,0.5078981
France,1997,11.648987,23.25058,97076.336,280.26547,0.7287994
France,1998,10.903839,26.189804,97138.1,279.3992,1.3383405
France,1999,11.309204,31.721115,97011.77,280.43506,1.3140379
France,2000,11.667633,28.655052,97012.21,280.55826,1.5507804
France,2001,10.905182,28.039932,97035.664,280.0889,1.2033566
France,2002,11.652771,26.20697,96990.25,280.39093,1.2966079
France,2003,12.00882,24.682999,97085.06,279.67178,0.63771707
France,2004,10.844727,28.116226,97096.12,279.8718,0.91431886
France,2005,10.728424,25.351524,97181.97,279.51608,0.6879403
France,2006,11.564148,28.69606,97088.31,280.50656,1.0132668
France,2007,11.077026,28.126717,97189.03,280.52103,0.9701201
France,2008,10.738312,33.186913,97040.32,280.1196,1.1212819
France,2009,11.259094,26.036263,96934.23,279.95444,0.8294396
France,2010,10.044067,30.874252,96782.82,278.9881,0.69776297
France,2011,12.154327,22.787094,97193.625,280.5076,0.9920556
France,2012,11.144592,26.849747,97084.32,279.72403,1.1171396
France,2013,10.582428,31.900406,96960.336,279.6461,0.93782836
France,2014,12.121429,27.506828,96860.664,280.77588,1.2865504
France,2015,12.067505,20.28656,97268.99,279.9954,1.004765
France,2016,11.289825,29.371262,97094.56,280.01636,1.069373
France,2017,11.47937,28.859138,97215.85,280.35538,1.2904283
France,2018,12.317749,25.533676,96936.24,280.5256,0.7209929
France,2019,12.195374,26.780128,97001.24,279.83197,1.2956306
Germany,1990,8.861725,21.48819,97968.664,277.88458,1.9404497
Germany,1991,7.5743713,18.334389,98071.07,276.60983,1.0254501
Germany,1992,8.506592,25.741577,97993.93,277.91248,1.3434654
Germany,1993,7.5646057,25.933266,97963.03,277.3309,1.2597735
Germany,1994,8.98468,25.799751,97855.63,278.46463,1.5021685
Germany,1995,8.234131,22.680283,97855.0,277.7954,1.3119295
Germany,1996,6.337982,19.577026,97890.695,276.29587,0.31741172
Germany,1997,8.247284,22.277832,98026.5,277.584,1.094015
Germany,1998,8.46698,29.087067,97877.85,278.16644,2.0226674
Germany,1999,8.961365,23.844719,97805.44,278.46826,1.5360136
Germany,2000,9.279449,24.499893,97815.125,279.08917,1.7685566
Germany,2001,8.471924,25.968552,97859.086,278.3646,1.4736111
Germany,2002,8.768982,31.665802,97867.164,278.71988,1.0494107
Germany,2003,8.8497925,16.66069,98079.73,277.3832,0.82288706
Germany,2004,8.437805,23.34404,97900.37,278.058,1.5760269
Germany,2005,8.619537,21.377563,98007.055,278.07272,1.2154189
Germany,2006,9.060577,20.738602,97982.98,278.3884,1.3263702
Germany,2007,9.40564,30.696869,97950.695,278.83548,1.5736476
Germany,2008,9.080444,22.583008,97892.91,278.38602,1.4109
Germany,2009,8.717255,26.109695,97810.81,278.29428,1.0526514
Germany,2010,7.2891846,26.32904,97690.32,276.8486,0.82611054
Germany,2011,9.217316,17.980576,98076.29,278.2075,1.4059721
Germany,2012,8.637604,24.389267,97912.16,277.98853,1.4697577
Germany,2013,8.170471,25.482178,97871.5,277.885,0.7841337
Germany,2014,9.763184,23.498535,97765.5,279.69775,0.96334153
Germany,2015,9.49231,20.586967,98101.49,278.6531,1.6715091
Germany,2016,9.170197,21.709442,97978.98,278.55167,1.2119075
Germany,2017,9.182343,25.678635,97989.35,278.78995,1.8556006
Germany,2018,10.1545105,15.849113,97940.16,278.01843,0.422782
Germany,2019,9.858948,22.75467,97859.66,278.41336,1.4445356
Greece,1990,11.223877,25.644302,90891.5,279.31573,0.022480076
Greece,1991,9.9140625,33.433914,90774.07,278.90915,0.061871614
Greece,1992,10.406647,26.022911,90869.59,278.52902,0.08946611
Greece,1993,10.725739,32.23419,90863.945,278.71255,0.10820207
Greece,1994,11.799774,33.783913,90777.38,279.81992,0.1785206
Greece,1995,10.736237,36.010742,90719.75,279.47818,0.30629098
Greece,1996,10.645264,38.21945,90640.53,279.713,0.05521115
Greece,1997,10.5581665,32.58705,90779.0,279.00214,0.051141094
Greece,1998,11.295929,33.097267,90778.6,279.63095,0.06155816
Greece,1999,11.600708,37.837982,90729.19,280.33398,0.3963342
Greece,2000,11.240051,23.838997,90843.21,279.27505,0.08187608
Greece,2001,11.328033,32.110214,90710.586,279.48618,0.22517674
Greece,2002,11.13208,35.46524,90779.414,279.93228,0.11227837
Greece,2003,11.122925,41.769028,90785.15,279.6918,0.49125758
Greece,2004,11.128723,34.83486,90762.37,279.67975,0.10676768
Greece,2005,10.7925415,38.13362,90736.805,279.1261,0.24070582
Greece,2006,10.86853,34.103394,90799.15,279.29825,0.1648727
Greece,2007,11.815002,30.539513,90781.445,279.66083,0.049980897
Greece,2008,11.766296,25.845528,90833.74,279.8613,0.041972257
Greece,2009,11.581848,43.720245,90633.56,280.19223,0.07274348
Greece,2010,12.038025,50.006866,90568.74,280.54587,0.47379008
Greece,2011,10.800812,29.683113,90824.625,278.96057,0.71015483
Greece,2012,11.703522,38.2576,90700.24,279.2273,0.19027781
Greece,2013,11.948151,34.395218,90681.164,279.42358,0.10236635
Greece,2014,11.831543,34.147263,90697.414,280.4274,0.33796257
Greece,2015,11.48938,37.9076,90850.07,279.0237,0.41622487
Greece,2016,11.872192,40.779114,90811.31,279.82837,0.15321445
Greece,2017,11.532288,34.009933,90832.19,279.02856,0.053706784
Greece,2018,12.053284,45.30716,90720.41,280.41965,0.26350427
Greece,2019,11.999573,35.07805,90724.91,279.86908,0.16692038
India,1990,26.826569,54.530144,98077.836,290.58298,0.85269064
India,1991,27.821442,25.362968,98099.99,289.33264,0.5879733
India,1992,27.705627,34.773827,98149.93,288.58548,0.6062711
India,1993,27.09195,40.934563,98155.37,289.39795,0.79829836
India,1994,26.986786,61.056137,98117.055,290.0992,0.7995026
India,1995,27.291565,36.38172,98098.0,291.07715,0.5779235
India,1996,27.849854,29.38652,98064.53,290.07922,0.69970554
India,1997,26.948303,38.568497,98211.086,291.00507,0.9618264
India,1998,27.315948,38.55133,98121.85,291.83572,0.51459646
India,1999,27.052856,42.83905,98050.77,290.07715,1.0106283
India,2000,27.285797,48.659325,98028.29,289.4025,0.82118595
India,2001,27.477783,35.92491,98065.664,289.98032,0.74720114
India,2002,28.016693,32.432556,98095.586,289.74445,0.94396824
India,2003,27.530457,40.23552,98114.81,290.61533,0.6302564
India,2004,27.54132,30.148506,98120.945,290.10895,0.5337737
India,2005,27.220123,41.9302,98106.055,290.01266,0.70405114
India,2006,27.336609,35.65979,98119.56,291.16803,0.6845479
India,2007,27.5448,38.980484,98065.53,290.653,0.45519558
India,2008,27.776062,31.373024,98045.57,289.68045,0.76572293
India,2009,28.457153,42.072296,98052.9,290.01285,0.69362235
India,2010,28.366821,50.367355,98021.57,291.03268,0.49755886
India,2011,27.461945,28.12481,98038.54,290.45358,0.6569394
India,2012,27.7984,43.12706,98035.16,289.7372,0.80281085
India,2013,27.437744,64.82315,98056.5,290.78345,0.66341543
India,2014,27.928558,30.343056,98150.164,290.61963,0.58125395
India,2015,27.954895,39.860725,98190.32,291.82758,0.48472622
India,2016,28.102814,50.325394,98113.4,291.54648,0.66371804
India,2017,28.064331,30.2248,98107.69,290.90665,0.61109865
India,2018,27.600647,42.24968,98122.74,291.15417,0.60619056
India,2019,28.502014,48.599243,98150.07,291.18857,0.5362977
Indonesia,1990,25.74762,91.53557,99612.25,296.32858,0.016808059
Indonesia,1991,25.724915,91.628075,99617.99,296.07288,0.060099896
Indonesia,1992,25.694733,96.860886,99648.84,296.26663,0.07296777
Indonesia,1993,25.90918,97.27192,99645.78,296.33725,0.09679121
Indonesia,1994,25.901825,92.46063,99627.22,296.2488,0.09890727
Indonesia,1995,25.973541,114.49337,99589.586,296.5941,0.066298015
Indonesia,1996,25.978455,101.87149,99543.03,296.49426,0.113228574
Indonesia,1997,26.290405,65.67001,99681.664,296.19955,0.024365349
Indonesia,1998,26.77185,100.36659,99607.02,297.06277,0.02979662
Indonesia,1999,26.075958,95.98446,99533.52,296.4087,0.23730324
Indonesia,2000,26.026855,99.62654,99518.46,296.5273,0.19625
Indonesia,2001,26.083405,111.673355,99557.414,296.425,0.2417364
Indonesia,2002,26.301025,78.63617,99618.086,296.46286,0.08975651
Indonesia,2003,26.248901,101.65596,99613.31,296.6464,0.12365282
Indonesia,2004,26.282532,94.8782,99612.87,296.54172,0.20837884
Indonesia,2005,26.310303,109.3092,99615.47,296.8276,0.06059994
Indonesia,2006,26.337097,100.133896,99595.56,296.52692,0.13575785
Indonesia,2007,26.367065,115.25345,99547.12,296.73538,0.20744777
Indonesia,2008,26.156128,112.97035,99534.41,296.53152,0.11781837
Indonesia,2009,26.615356,92.0248,99554.4,296.55063,0.22023977
Indonesia,2010,26.642212,129.15611,99549.41,297.06247,0.054425023
Indonesia,2011,26.37909,106.42433,99513.29,296.61618,0.2579846
Indonesia,2012,26.364807,108.795166,99556.07,296.68985,0.197441
Indonesia,2013,26.570557,101.69029,99562.5,296.85376,0.20943573
Indonesia,2014,26.725922,89.71691,99606.086,296.6831,0.17780396
Indonesia,2015,26.649872,91.383934,99671.57,296.6038,0.15828073
Indonesia,2016,26.895142,124.40872,99614.73,297.2592,0.11566665
Indonesia,2017,26.55426,112.59365,99587.6,296.89932,0.229142
Indonesia,2018,26.584045,104.23565,99596.82,296.66946,0.28646475
Indonesia,2019,26.639221,87.69703,99657.66,296.6414,0.1672685
Iran,1990,20.55606,3.1013489,88865.164,272.5594,0.32640254
Iran,1991,20.52472,4.5518875,88852.82,273.27698,0.699752
Iran,1992,19.215088,3.0403137,88863.68,271.33484,0.5215993
Iran,1993,19.9458,3.651619,88929.28,272.29263,0.51070744
Iran,1994,20.92804,2.0751953,88844.22,271.93353,0.46283773
Iran,1995,20.444092,3.7050247,88854.0,271.85513,0.3989809
Iran,1996,19.75238,3.9024353,88905.78,272.08817,0.5838341
Iran,1997,20.688538,2.166748,88816.75,270.9927,0.41651994
Iran,1998,21.222351,2.202034,88914.94,271.7872,0.50447327
Iran,1999,21.010681,3.9243698,88857.94,272.44482,0.5325257
Iran,2000,21.090485,2.2029877,88837.71,271.27032,0.50327694
Iran,2001,21.758362,3.1280518,88840.0,272.01205,0.48360533
Iran,2002,21.522064,3.0612946,88848.75,271.43942,0.36612654
Iran,2003,21.28714,2.6855469,88853.56,271.8458,0.489168
Iran,2004,21.245117,5.109787,88872.53,273.00186,0.40857586
Iran,2005,21.32901,1.8100739,88861.055,272.20535,0.53160745
Iran,2006,21.459656,3.0841827,88851.23,272.2346,0.46926975
Iran,2007,20.927795,3.988266,88869.53,272.7103,0.46190456
Iran,2008,20.932495,2.6474,88860.74,271.65817,0.7389855
Iran,2009,21.282196,3.706932,88814.31,272.42953,0.44494572
Iran,2010,22.256622,1.2321472,88878.16,270.6826,0.4328635
Iran,2011,21.231323,2.3651123,88786.125,271.72244,0.6177326
Iran,2012,20.690002,3.8022995,88847.66,271.70938,0.5505049
Iran,2013,21.619537,3.6640167,88796.0,271.49634,0.42192027
Iran,2014,21.152344,2.7589798,88918.75,270.98746,0.47149566
Iran,2015,21.986145,2.3899078,88942.99,271.00058,0.41181463
Iran,2016,22.256775,0.90789795,88902.56,269.59937,0.47020182
Iran,2017,21.711975,2.39563,88952.1,269.49844,0.4657698
Iran,2018,22.145233,2.7637482,88902.91,271.05554,0.5109365
Iran,2019,21.825745,2.7742386,88879.16,271.07675,0.53045124
Italy,1990,15.864502,31.125069,100539.75,284.51984,0.32505608
Italy,1991,15.204407,32.312393,100464.32,283.39627,0.12115023
Italy,1992,15.894592,29.691696,100529.34,284.51437,0.34550977
Italy,1993,15.639801,25.946617,100517.62,283.67838,0.17856097
Italy,1994,16.542938,21.465302,100429.72,284.9993,0.39948702
Italy,1995,15.596588,26.47686,100381.5,283.89877,0.22163153
Italy,1996,15.656189,38.547516,100220.53,284.02078,0.5225467
Italy,1997,16.282776,29.823303,100454.414,284.41312,0.22819875
Italy,1998,16.005554,29.771805,100461.19,284.20648,0.30135977
Italy,1999,16.153442,30.693054,100351.77,284.5441,0.38167265
Italy,2000,16.515625,27.1492,100499.54,284.75455,0.608765
Italy,2001,16.34903,22.016525,100360.164,284.45883,0.39097974
Italy,2002,16.238861,30.893326,100375.0,284.98776,0.597642
Italy,2003,16.711792,25.4879,100430.98,284.2203,0.069576874
Italy,2004,16.068512,36.47709,100365.53,284.62344,0.39860427
Italy,2005,15.540924,36.271095,100407.555,283.44836,0.12332734
Italy,2006,16.093292,21.614075,100476.98,283.94293,0.2864535
Italy,2007,16.362366,23.941994,100425.03,284.37518,0.14258736
Italy,2008,16.264679,39.081573,100437.99,284.39075,0.5910564
Italy,2009,16.519989,32.66239,100222.06,284.43066,0.25074902
Italy,2010,16.155884,43.59436,100104.82,284.49347,0.592488
Italy,2011,16.522644,24.925232,100514.46,284.27664,0.13138503
Italy,2012,16.538483,34.794807,100360.82,284.46982,0.17669785
Italy,2013,16.322998,36.510468,100248.25,284.65356,0.29570338
Italy,2014,16.966644,37.168503,100267.914,285.26514,0.48739514
Italy,2015,16.917938,28.728485,100520.99,285.00888,0.15162681
Italy,2016,16.901154,27.439117,100426.65,284.83716,0.33852643
Italy,2017,16.61676,22.464752,100506.69,283.9768,0.18127306
Italy,2018,17.1698,41.175842,100277.49,285.54398,0.24832992
Italy,2019,16.920624,36.937714,100320.16,284.96854,0.3700005
Japan,1990,10.843994,43.98346,90110.586,277.72556,0.24572095
Japan,1991,10.237122,53.649902,89986.74,277.5789,0.23438585
Japan,1992,9.691315,38.461685,90018.68,276.86755,0.22401783
Japan,1993,9.305664,55.513382,89964.695,276.521,0.28438467
Japan,1994,10.570282,30.509949,90010.13,277.04062,0.1571408
Japan,1995,9.0902405,41.623116,89916.5,276.17593,0.37297377
Japan,1996,9.114502,41.66031,89967.62,276.30008,0.20572832
Japan,1997,9.843811,41.812897,89991.336,277.10013,0.3872488
Japan,1998,10.829468,53.66993,90083.35,278.97308,0.2888712
Japan,1999,10.334595,44.700623,90003.52,277.69873,0.38451886
Japan,2000,10.2421875,40.652275,89962.625,277.21222,0.36269566
Japan,2001,9.845612,40.948868,89944.25,276.80096,0.21885589
Japan,2002,10.055756,38.528442,89962.414,276.93015,0.34732035
Japan,2003,9.715851,50.827026,90022.56,277.55005,0.17574811
Japan,2004,11.241364,48.038483,90046.195,277.65762,0.4276841
Japan,2005,11.02594,29.83284,89912.47,275.84958,0.43767413
Japan,2006,11.036316,46.230316,90015.73,276.84674,0.22971645
Japan,2007,11.266327,39.868355,89982.37,276.64066,0.34613487
Japan,2008,10.812683,40.95173,89995.49,276.37106,0.21853656
Japan,2009,11.046997,46.046257,89950.73,276.57974,0.2857357
Japan,2010,10.946564,51.784515,90034.41,277.41046,0.30620536
Japan,2011,10.564148,42.97161,90013.04,276.12497,0.4002417
Japan,2012,10.268951,43.348312,89964.16,276.37802,0.25682765
Japan,2013,10.744202,39.649963,89955.5,276.24893,0.45601764
Japan,2014,10.194336,38.83457,90017.0,275.8597,0.30665687
Japan,2015,11.335907,42.33837,90041.99,277.48026,0.21303871
Japan,2016,11.633423,46.81778,90082.15,277.93954,0.23636258
Japan,2017,10.74469,40.02762,89956.77,276.39316,0.43557584
Japan,2018,11.772827,43.10608,90082.57,277.60794,0.41662833
Japan,2019,11.696991,44.003487,90066.82,277.6075,0.24063702
Kenya,1990,23.403381,33.65898,92553.336,290.10007,1.5252491
Kenya,1991,23.62857,20.544052,92529.32,289.85086,1.3720495
Kenya,1992,23.657135,25.032997,92548.43,289.4242,1.5525682
Kenya,1993,23.431458,30.37548,92576.78,289.6211,1.6196278
Kenya,1994,24.010376,29.378891,92516.13,289.726,1.542589
Kenya,1995,23.814362,26.45874,92517.336,290.14584,1.5416843
Kenya,1996,24.158447,20.503998,92495.62,289.57874,1.687787
Kenya,1997,24.265686,35.715103,92563.414,289.6346,1.5381824
Kenya,1998,23.873901,27.777672,92580.52,290.61942,1.4694715
Kenya,1999,24.255157,18.064499,92512.02,289.18018,1.9254136
Kenya,2000,24.36084,13.892174,92482.71,288.88345,1.8439293
Kenya,2001,24.251709,24.669647,92514.5,289.74222,1.7429075
Kenya,2002,23.995544,29.24347,92545.0,290.18097,1.6833322
Kenya,2003,24.283875,23.954391,92526.9,289.91544,1.5781839
Kenya,2004,24.310364,24.643898,92532.945,289.82233,1.6819427
Kenya,2005,24.670807,18.331528,92539.63,289.4868,1.765555
Kenya,2006,24.808289,32.052994,92510.4,289.9247,1.8289901
Kenya,2007,24.569214,22.478104,92487.62,290.1392,1.6016703
Kenya,2008,24.437866,20.0634,92472.57,289.6118,1.6889853
Kenya,2009,25.056122,19.766808,92508.31,289.50748,1.8350838
Kenya,2010,24.727814,21.083832,92501.91,289.9767,1.7973917
Kenya,2011,24.907898,20.186424,92439.29,289.61438,1.5306003
Kenya,2012,24.659729,24.240494,92474.74,289.4008,1.4100916
Kenya,2013,24.36612,27.845383,92515.336,289.91187,1.6224976
Kenya,2014,24.778992,21.92688,92523.414,289.94955,1.6548787
Kenya,2015,25.095337,29.641151,92540.91,289.8865,1.5991294
Kenya,2016,24.629028,21.203995,92582.65,289.97598,1.5820256
Kenya,2017,24.994843,19.147873,92523.44,289.51328,1.6753746
Kenya,2018,24.338745,39.04724,92538.82,290.05408,1.5391014
Kenya,2019,25.30426,30.721664,92517.32,290.30365,1.542702
Kiribati,1990,24.921783,12.270927,101281.75,294.47116,4.8500934
Kiribati,1991,25.114075,11.807442,101285.49,294.35056,4.9421325
Kiribati,1992,24.307373,10.26535,101313.26,293.9797,4.922632
Kiribati,1993,25.098938,9.539604,101277.62,294.548,4.9251323
Kiribati,1994,24.855927,14.90593,101279.88,294.29355,4.7719564
Kiribati,1995,25.2984,18.32962,101232.336,294.82748,4.6891556
Kiribati,1996,25.106873,15.40184,101224.12,294.4492,4.7278605
Kiribati,1997,24.634491,6.061554,101303.086,294.1937,4.818923
Kiribati,1998,25.557007,16.907692,101264.94,294.89252,4.7963076
Kiribati,1999,25.233826,20.949364,101211.19,294.6483,4.819306
Kiribati,2000,24.946442,17.339706,101227.04,294.3522,4.8776765
Kiribati,2001,24.819733,11.428833,101273.914,294.20932,5.239931
Kiribati,2002,25.15097,14.328003,101261.836,294.36472,5.031031
Kiribati,2003,25.296906,12.672424,101254.4,294.57217,5.018466
Kiribati,2004,24.868805,10.133743,101267.53,294.32233,5.224984
Kiribati,2005,24.832275,16.870499,101248.72,294.44348,5.125304
Kiribati,2006,25.228699,14.139175,101243.81,294.49728,5.1366997
Kiribati,2007,25.300842,19.029617,101230.195,294.57816,5.161776
Kiribati,2008,25.403687,19.786835,101178.16,294.71692,4.95945
Kiribati,2009,25.319794,23.339272,101221.31,294.69174,5.0546885
Kiribati,2010,25.282013,10.778427,101205.57,294.71466,5.102376
Kiribati,2011,25.005249,14.567375,101195.29,294.51462,4.9688606
Kiribati,2012,24.947327,10.473251,101270.32,294.2107,5.3507643
Kiribati,2013,24.898499,14.965057,101270.164,294.3567,5.1243744
Kiribati,2014,24.887878,15.633583,101289.0,294.3065,5.187212
Kiribati,2015,24.993134,12.659073,101318.91,294.52435,5.0794463
Kiribati,2016,25.487427,14.556885,101287.73,295.02188,5.0430636
Kiribati,2017,25.247284,13.010979,101253.02,294.8544,5.296519
Kiribati,2018,25.36789,7.3451996,101256.49,294.661,5.17489
Kiribati,2019,25.714905,17.290115,101255.07,295.2807,4.817634
Mexico,1990,26.842834,0.19836426,97554.914,273.3903,2.0817344
Mexico,1991,26.0708,0.28038025,97533.82,273.4863,2.1865003
Mexico,1992,25.828674,0.49591064,97588.68,272.5676,2.0764866
Mexico,1993,26.555664,0.12207031,97547.78,272.6732,1.6840408
Mexico,1994,26.142548,0.98609924,97562.13,273.32303,1.7917618
Mexico,1995,26.520905,2.1343231,97515.586,273.79443,2.0093048
Mexico,1996,26.785736,0.22697449,97448.12,273.23694,1.5453416
Mexico,1997,26.430054,0.5187988,97594.836,273.44745,2.3364658
Mexico,1998,27.084015,0.22315979,97578.94,273.3979,2.2336283
Mexico,1999,26.683716,0.29850006,97495.27,272.77798,1.8004423
Mexico,2000,27.012024,0.038146973,97542.54,272.15768,2.4994295
Mexico,2001,27.49649,0.24986267,97531.664,271.87762,1.9648484
Mexico,2002,27.402435,0.5207062,97541.25,273.2648,2.1506069
Mexico,2003,27.46405,0.39672852,97496.06,273.83505,2.2171247
Mexico,2004,26.91388,0.3671646,97514.945,273.0069,2.0118825
Mexico,2005,27.556213,0.64849854,97481.38,273.8385,1.8074958
Mexico,2006,27.082062,1.0643005,97521.9,274.22028,2.0466385
Mexico,2007,27.154999,0.13160706,97539.78,273.09476,2.0418785
Mexico,2008,27.016968,0.17929077,97525.41,272.35544,2.0342476
Mexico,2009,27.217255,0.15258789,97502.15,273.5773,2.3362448
Mexico,2010,28.622986,0.31471252,97435.16,274.90036,1.4270899
Mexico,2011,27.35437,0.207901,97497.875,274.02322,2.6843133
Mexico,2012,26.820862,0.33950806,97535.57,273.5359,2.3440065
Mexico,2013,27.243073,0.104904175,97502.75,273.18692,2.2852325
Mexico,2014,27.455566,0.10871887,97517.086,273.4681,2.0129452
Mexico,2015,27.467896,0.56266785,97655.41,273.52078,1.9573936
Mexico,2016,28.405396,0.3452301,97573.06,273.66788,2.0469465
Mexico,2017,28.039429,0.2155304,97550.27,273.8915,2.1807933
Mexico,2018,27.895874,0.6904602,97518.66,274.24417,1.6632829
Mexico,2019,27.413147,0.5207062,97529.32,273.0893,2.051298
Micronesia,1990,27.066467,94.735146,100912.914,296.9694,2.5223682
Micronesia,1991,26.935211,113.03902,100932.74,297.02908,2.72938
Micronesia,1992,26.831604,67.75761,100994.68,296.6013,3.4942684
Micronesia,1993,26.699036,125.08392,100969.445,296.7744,3.126017
Micronesia,1994,27.008759,103.3926,100926.88,297.00986,2.4222124
Micronesia,1995,27.277588,95.05272,100948.664,297.05795,4.442609
Micronesia,1996,27.194092,102.72026,100878.62,297.17004,3.7754667
Micronesia,1997,27.002502,95.85571,100989.664,296.95493,1.145579
Micronesia,1998,27.370148,68.614006,101067.27,296.8033,5.6150737
Micronesia,1999,27.04242,104.91371,100929.1,296.92838,4.6519732
Micronesia,2000,27.137695,119.464874,100891.79,297.0646,4.4482083
Micronesia,2001,27.202393,97.948074,100887.664,297.05814,3.5316126
Micronesia,2002,27.164001,119.659424,100905.836,297.12418,2.2022648
Micronesia,2003,27.14618,119.22073,100921.73,297.06778,2.851392
Micronesia,2004,27.240234,108.392715,100898.195,297.142,2.0001345
Micronesia,2005,27.204346,125.62847,100942.805,297.193,4.2120757
Micronesia,2006,27.143097,112.06627,100926.73,297.07086,3.5508301
Micronesia,2007,27.305725,109.4141,100895.12,297.13022,4.65747
Micronesia,2008,27.011261,106.92406,100934.66,296.9163,5.3559885
Micronesia,2009,27.228333,107.39422,100895.31,297.0353,3.3544466
Micronesia,2010,27.23059,92.969894,100965.49,297.10577,5.4678707
Micronesia,2011,27.124542,125.54932,100891.21,297.1178,4.119064
Micronesia,2012,27.163635,113.00087,100909.16,297.0507,4.2674875
Micronesia,2013,27.365479,99.33472,100915.5,297.16318,4.713663
Micronesia,2014,27.363617,115.61489,100907.0,297.2479,2.5568645
Micronesia,2015,27.27243,101.415634,100953.57,297.2286,1.6981422
Micronesia,2016,27.630005,89.567184,100993.31,297.25854,4.616919
Micronesia,2017,27.58551,105.792046,100936.94,297.46524,4.7329636
Micronesia,2018,27.455627,112.109184,100894.82,297.2922,2.4696674
Micronesia,2019,27.440002,101.85337,100963.07,297.24442,3.0908105
Netherlands,1990,10.719788,25.565147,101507.25,280.0817,2.0321283
Netherlands,1991,9.421051,21.761894,101651.41,279.13132,1.0711229
Netherlands,1992,10.451904,26.5522,101552.68,280.14847,1.4643576
Netherlands,1993,9.566223,31.14891,101548.695,279.7124,1.0525208
Netherlands,1994,10.54245,29.531479,101377.805,280.41727,1.6496114
Netherlands,1995,10.338623,24.252892,101443.75,280.09048,1.0547024
Netherlands,1996,8.427338,20.597458,101489.87,278.032,0.30917415
Netherlands,1997,10.137268,23.670197,101602.164,279.99188,0.96888125
Netherlands,1998,10.207062,38.19847,101414.1,280.58035,2.0520554
Netherlands,1999,10.74881,30.207634,101333.52,280.73096,1.6423186
Netherlands,2000,10.791016,31.3406,101302.875,280.96597,1.9709584
Netherlands,2001,10.30069,33.44345,101423.836,280.4434,1.2387308
Netherlands,2002,10.656982,32.754898,101394.75,280.74835,1.2199256
Netherlands,2003,10.3594055,21.865845,101652.31,279.66153,0.79509974
Netherlands,2004,10.313141,28.37658,101469.945,280.25626,1.5986573
Netherlands,2005,10.503815,26.884079,101608.555,280.4695,1.1745183
Netherlands,2006,11.067078,26.891708,101505.31,280.5987,1.3898652
Netherlands,2007,11.080627,32.499313,101541.695,280.97708,1.3784958
Netherlands,2008,10.475769,28.364182,101417.07,280.2013,1.6673564
Netherlands,2009,10.389954,26.322365,101369.4,280.1232,1.2507553
Netherlands,2010,8.957306,27.303696,101326.66,278.81638,0.47938806
Netherlands,2011,10.794952,27.038574,101598.54,280.5182,1.5667225
Netherlands,2012,10.115784,32.803535,101460.49,280.19492,1.5491817
Netherlands,2013,9.68985,25.684357,101456.664,279.38632,0.7403609
Netherlands,2014,11.622894,28.889656,101247.414,281.48666,1.4325701
Netherlands,2015,10.723267,28.32508,101642.99,280.41547,1.8637246
Netherlands,2016,10.626587,26.32904,101521.15,280.55444,1.1949496
Netherlands,2017,10.825409,29.80423,101534.69,280.6194,1.7770891
Netherlands,2018,11.227417,22.753716,101483.07,280.4159,0.6510595
Netherlands,2019,11.099335,28.931618,101378.82,280.53168,1.5143917
New Zealand,1990,12.8461,46.29135,99347.586,282.77066,2.359774
New Zealand,1991,12.075684,47.549248,99106.99,281.95276,2.4270463
New Zealand,1992,11.454987,47.5502,99234.01,281.2694,1.5392214
New Zealand,1993,11.575348,43.11657,99497.28,281.55826,1.910091
New Zealand,1994,12.088013,50.066948,99314.13,281.96805,2.6416397
New Zealand,1995,12.366943,55.228233,99400.336,282.2588,2.0607433
New Zealand,1996,12.210693,54.540634,99309.445,282.18015,1.8314439
New Zealand,1997,11.989471,43.308258,99502.586,281.80746,1.8792751
New Zealand,1998,13.046753,50.813675,99664.44,282.88486,2.8405194
New Zealand,1999,13.078735,44.932365,99725.35,282.86588,1.2624717
New Zealand,2000,12.551422,48.101425,99485.625,282.34097,1.826706
New Zealand,2001,12.812256,42.19818,99502.914,282.43948,1.6204991
New Zealand,2002,12.488373,45.02487,99212.25,282.17184,2.37221
New Zealand,2003,12.579132,42.964935,99458.56,282.2543,1.882771
New Zealand,2004,12.016418,60.28843,99242.78,281.93268,2.4836855
New Zealand,2005,12.871979,35.91633,99506.38,282.94983,1.8313694
New Zealand,2006,12.362671,56.814194,99419.65,282.20905,2.3179035
New Zealand,2007,12.567261,37.0903,99526.945,282.40887,2.0078428
New Zealand,2008,12.79071,51.88179,99434.32,282.49442,1.8160379
New Zealand,2009,11.980438,44.161797,99446.15,281.785,1.7131616
New Zealand,2010,12.695099,43.52951,99567.82,282.79947,1.7420747
New Zealand,2011,12.637726,49.962997,99447.375,282.59305,1.5826339
New Zealand,2012,12.371155,44.465065,99488.32,282.08896,1.6729228
New Zealand,2013,13.218506,50.62294,99435.914,283.2688,1.9457574
New Zealand,2014,12.633636,47.441483,99463.914,282.493,2.0722067
New Zealand,2015,12.683075,48.714638,99523.91,282.27908,2.1839662
New Zealand,2016,13.408325,56.257248,99373.65,283.2649,2.7345183
New Zealand,2017,13.028534,55.223465,99436.94,283.1334,1.7027715
New Zealand,2018,13.441132,56.755066,99376.07,283.48343,1.8714919
New Zealand,2019,13.203186,48.439026,99404.32,283.1767,2.6108947
Nigeria,1990,25.049377,68.64834,94699.414,289.47263,0.3578742
Nigeria,1991,24.779938,72.50881,94713.07,290.34647,0.40862826
Nigeria,1992,24.342682,67.72995,94726.59,289.03,0.24685933
Nigeria,1993,24.79541,66.36143,94713.12,290.28336,0.3762478
Nigeria,1994,24.701477,82.07893,94708.72,289.61142,0.30977452
Nigeria,1995,24.814026,91.81881,94675.5,289.65268,0.32089284
Nigeria,1996,24.902771,71.165085,94653.03,289.88,0.37200373
Nigeria,1997,24.783264,75.49477,94728.914,289.86917,0.2459235
Nigeria,1998,25.66864,73.12012,94707.19,289.08426,0.25385904
Nigeria,1999,25.10199,72.63565,94646.77,290.29248,0.39704934
Nigeria,2000,24.979645,63.68351,94650.79,288.16763,0.2064538
Nigeria,2001,24.964905,65.80734,94688.086,288.54007,0.32414186
Nigeria,2002,25.060974,62.639236,94698.5,289.65622,0.4023082
Nigeria,2003,25.379913,58.797836,94688.48,290.13306,0.42357174
Nigeria,2004,25.223145,67.07668,94688.87,289.41168,0.4007757
Nigeria,2005,25.718323,61.28788,94662.055,290.0781,0.4854826
Nigeria,2006,25.720398,65.91034,94662.48,290.09772,0.44769093
Nigeria,2007,25.143433,62.763214,94668.37,289.2803,0.34356624
Nigeria,2008,24.973175,64.564705,94639.66,289.26965,0.17125477
Nigeria,2009,25.35968,69.14139,94661.81,290.63965,0.3539078
Nigeria,2010,25.814087,65.834045,94643.16,290.02438,0.43014786
Nigeria,2011,25.236359,57.77359,94631.71,289.62497,0.26681677
Nigeria,2012,25.059967,77.96669,94683.49,290.31894,0.40442398
Nigeria,2013,25.230042,75.32883,94691.0,291.52744,0.53450596
Nigeria,2014,25.047546,80.30605,94709.25,290.87842,0.4471735
Nigeria,2015,25.205872,64.29672,94748.99,289.65457,0.3160706
Nigeria,2016,25.284607,74.258804,94731.06,290.36206,0.26372638
Nigeria,2017,25.62439,60.196877,94687.1,289.26328,0.23925596
Nigeria,2018,25.284058,59.002876,94694.16,290.1449,0.41113052
Nigeria,2019,25.226624,72.72911,94710.49,290.90555,0.36237678
Pakistan,1990,19.110748,10.008812,85769.164,279.44464,0.84721154
Pakistan,1991,18.319641,7.6494217,85820.07,279.02502,0.967117
Pakistan,1992,17.998596,12.784004,85868.42,279.0951,0.72989976
Pakistan,1993,19.455872,6.603241,85852.53,277.47037,1.0208818
Pakistan,1994,18.3779,17.518044,85821.48,279.6497,0.6545431
Pakistan,1995,18.428284,11.318207,85817.0,278.78384,0.8708531
Pakistan,1996,18.82367,5.809784,85792.12,277.48972,0.98055935
Pakistan,1997,17.832886,11.171341,85841.26,279.8934,0.9979463
Pakistan,1998,19.528992,6.041527,85856.35,278.86795,0.9448027
Pakistan,1999,19.949493,6.009102,85770.27,277.9541,0.98414004
Pakistan,2000,19.991028,3.1414032,85727.2,275.41583,1.0570234
Pakistan,2001,19.86676,7.0056915,85799.5,278.13934,0.97715247
Pakistan,2002,20.4021,4.4670105,85821.414,277.02457,1.0662553
Pakistan,2003,19.505554,6.64711,85845.805,276.9724,0.9494196
Pakistan,2004,20.377106,5.9843063,85837.45,277.95578,1.0222166
Pakistan,2005,18.367432,12.554169,85839.63,280.18762,0.7513225
Pakistan,2006,19.661163,11.110306,85857.9,281.15598,0.7061435
Pakistan,2007,19.07248,12.214661,85817.695,279.94354,0.69118303
Pakistan,2008,19.110718,11.97052,85781.24,279.5071,0.68583643
Pakistan,2009,19.41452,7.7142715,85834.06,279.2793,0.8413948
Pakistan,2010,19.91043,10.591507,85815.57,279.277,0.742251
Pakistan,2011,19.41687,10.808945,85775.38,280.2869,0.70205945
Pakistan,2012,18.547272,9.624481,85760.41,278.67148,0.7614496
Pakistan,2013,18.916077,13.8607025,85821.086,280.72208,0.6399659
Pakistan,2014,18.888855,8.097649,85880.664,280.3086,0.8615546
Pakistan,2015,19.17981,11.237144,85908.74,280.3082,0.80720484
Pakistan,2016,20.23059,8.382797,85883.39,279.5084,0.8629574
Pakistan,2017,19.870667,8.671761,85866.016,279.20255,0.7563927
Pakistan,2018,20.386444,5.5599213,85847.9,279.33142,0.97468495
Pakistan,2019,19.226624,11.996269,85902.24,280.89822,0.8238317
Papua New Guinea,1990,15.750397,194.19955,79648.5,287.04523,0.28608638
Papua New Guinea,1991,15.729492,164.62613,79665.49,287.1038,0.37741357
Papua New Guinea,1992,15.563873,140.33127,79676.836,286.8329,0.32432023
Papua New Guinea,1993,15.549957,135.78987,79684.945,286.82632,0.44027457
Papua New Guinea,1994,15.478149,162.00543,79660.23,286.9311,0.4189522
Papua New Guinea,1995,15.975159,196.34247,79647.836,287.49545,0.30866992
Papua New Guinea,1996,16.020447,184.0229,79597.195,287.4116,0.26587832
Papua New Guinea,1997,15.332733,106.76956,79728.67,286.35745,0.47503236
Papua New Guinea,1998,16.423035,214.86188,79705.27,287.8541,0.20804772
Papua New Guinea,1999,15.921326,217.56268,79590.44,287.2578,0.31538856
Papua New Guinea,2000,16.013336,223.81973,79579.12,287.36227,0.29627004
Papua New Guinea,2001,16.022217,160.39276,79605.5,287.3306,0.34758595
Papua New Guinea,2002,15.7847595,141.8724,79666.49,286.93307,0.42107296
Papua New Guinea,2003,15.920929,152.28653,79657.89,287.14786,0.33905104
Papua New Guinea,2004,15.636871,158.65898,79653.62,286.93155,0.3623729
Papua New Guinea,2005,16.01944,173.34079,79654.97,287.54636,0.34816033
Papua New Guinea,2006,15.93396,185.23407,79645.48,287.39395,0.35827518
Papua New Guinea,2007,16.068237,187.31976,79602.53,287.48325,0.2835638
Papua New Guinea,2008,15.888062,230.99136,79593.24,287.40897,0.2923637
Papua New Guinea,2009,15.84079,216.0778,79618.98,287.4349,0.29858646
Papua New Guinea,2010,16.38211,185.61935,79631.16,287.6442,0.13090894
Papua New Guinea,2011,15.9122925,239.47144,79592.71,287.51477,0.35768437
Papua New Guinea,2012,16.076721,220.99399,79612.74,287.4252,0.30917868
Papua New Guinea,2013,16.278381,206.17485,79618.586,287.83096,0.27127406
Papua New Guinea,2014,16.111664,210.01816,79657.24,287.70117,0.31397277
Papua New Guinea,2015,15.9062195,131.46686,79711.66,287.20584,0.41750327
Papua New Guinea,2016,16.572876,223.34099,79701.64,288.17178,0.23547065
Papua New Guinea,2017,16.342651,231.1039,79657.1,287.98282,0.24520183
Papua New Guinea,2018,16.284058,195.54329,79651.65,287.82605,0.32945043
Papua New Guinea,2019,16.095428,163.35965,79709.66,287.63113,0.3834509
Peru,1990,23.117737,3.0031204,101395.086,291.94693,5.7453613
Peru,1991,23.072418,4.858017,101408.82,291.69724,5.855928
Peru,1992,22.448975,3.610611,101431.09,291.54807,5.881201
Peru,1993,23.226868,2.4785995,101392.445,291.94482,5.5806327
Peru,1994,23.10968,3.323555,101394.305,291.7242,5.847001
Peru,1995,23.560303,3.520012,101348.5,292.3213,5.8196406
Peru,1996,23.268799,3.1909943,101343.53,291.87302,5.843498
Peru,1997,22.558807,3.2615662,101422.0,291.52084,5.6588583
Peru,1998,23.45169,3.7050247,101389.69,292.24945,5.991775
Peru,1999,23.40213,3.3721924,101331.1,292.20132,5.900955
Peru,2000,23.288574,3.452301,101343.54,291.91193,5.891864
Peru,2001,23.233154,2.9354095,101387.25,291.74222,5.8814416
Peru,2002,23.243408,4.234314,101381.086,291.96335,6.087725
Peru,2003,23.339539,3.0994415,101373.73,292.0831,5.970655
Peru,2004,23.056152,3.663063,101391.87,291.73737,6.1224484
Peru,2005,23.178772,3.6993027,101371.97,291.98987,6.2505336
Peru,2006,23.280945,3.314972,101365.81,291.8928,5.9127884
Peru,2007,23.188538,3.829956,101357.53,291.88803,6.1878977
Peru,2008,23.664581,5.159378,101294.41,292.24475,5.9583564
Peru,2009,23.657349,3.476143,101339.23,292.17807,6.0754695
Peru,2010,23.570435,4.6043396,101322.99,292.23044,6.1146364
Peru,2011,23.53421,3.9739609,101306.54,292.0182,6.06496
Peru,2012,22.990784,3.446579,101397.24,291.47372,6.0779777
Peru,2013,23.272705,3.6888123,101388.836,291.8331,6.2632394
Peru,2014,23.280273,3.938675,101411.586,291.73438,6.2331667
Peru,2015,23.230774,3.4923553,101438.16,291.79257,6.014391
Peru,2016,23.702576,3.030777,101403.48,292.36856,5.964703
Peru,2017,23.466034,3.2453537,101377.85,292.11417,6.150869
Peru,2018,23.400757,3.2587051,101374.91,292.06955,6.037991
Peru,2019,23.782776,2.9325485,101372.74,292.51395,5.8359504
Poland,1990,9.403717,19.435883,100009.0,278.39713,2.0052714
Poland,1991,8.042786,19.795418,100171.74,277.4282,1.1158192
Poland,1992,8.968323,19.843102,100084.59,277.69324,1.266503
Poland,1993,7.948059,23.129463,100092.62,277.40952,1.2629238
Poland,1994,9.220337,22.423744,99968.63,278.04062,1.3036253
Poland,1995,8.509674,20.41912,99921.75,277.708,1.1757107
Poland,1996,7.047943,20.44487,100068.62,276.67868,0.2663062
Poland,1997,8.180237,23.11325,100073.414,277.61444,1.2864507
Poland,1998,8.63382,25.945663,99934.35,278.0709,1.7101713
Poland,1999,9.234985,22.86911,99900.77,278.4684,1.3015883
Poland,2000,9.910645,24.74308,99933.29,279.05026,1.2534549
Poland,2001,8.525787,26.89743,99930.836,278.3843,1.1998994
Poland,2002,9.562927,24.61052,100001.664,278.60855,0.8483432
Poland,2003,8.687683,17.875671,100188.9,277.22275,1.0075084
Poland,2004,8.796875,19.255638,99970.28,277.20676,1.3221083
Poland,2005,8.794342,19.627571,100075.22,276.9098,0.83776337
Poland,2006,9.00116,19.823074,100093.98,277.82315,1.0766231
Poland,2007,9.542206,25.32959,99979.87,278.59622,1.4472806
Poland,2008,9.845093,20.298958,99984.07,278.4246,1.2436382
Poland,2009,8.818176,22.371292,99928.15,277.9336,0.59910727
Poland,2010,7.6866455,30.309677,99795.49,277.24786,0.54242855
Poland,2011,9.314331,17.606735,100194.54,278.03006,1.2885821
Poland,2012,8.992584,20.210266,99985.49,277.73965,1.2835599
Poland,2013,8.63678,24.23668,99973.086,278.1189,0.64737314
Poland,2014,10.004242,22.377014,99973.586,279.0879,0.6996813
Poland,2015,10.387665,16.03508,100176.57,277.68192,1.2828156
Poland,2016,9.778259,26.082993,100048.73,278.1705,0.94548726
Poland,2017,9.3446045,28.481483,100007.85,278.41983,1.7940521
Poland,2018,10.252167,19.688606,100093.74,278.26843,0.29934484
Poland,2019,10.735565,18.399239,99924.24,278.65408,1.1661228
Portugal,1990,18.185303,18.97049,101740.914,286.7796,0.35473529
Portugal,1991,17.32486,21.349907,101650.99,285.7296,0.2808224
Portugal,1992,17.411041,15.828133,101707.01,286.0303,0.2089919
Portugal,1993,17.15982,17.929077,101654.78,285.7108,0.27799752
Portugal,1994,18.1445,10.714531,101631.38,286.66385,0.26993743
Portugal,1995,18.150635,12.955666,101595.25,286.5332,0.07510034
Portugal,1996,17.642822,20.03479,101358.12,285.9215,0.40450063
Portugal,1997,18.194061,17.522812,101597.75,287.02737,0.19171835
Portugal,1998,17.962433,13.51738,101698.35,286.3209,0.12706347
Portugal,1999,17.986755,15.078545,101573.27,286.256,0.15389678
Portugal,2000,18.01593,11.754036,101614.125,286.3281,0.41637537
Portugal,2001,18.225647,15.264511,101567.5,286.4875,0.22553216
Portugal,2002,18.026123,18.684387,101559.836,286.53415,0.24841082
Portugal,2003,18.326202,22.346497,101581.56,286.77646,0.37434795
Portugal,2004,17.930328,19.446373,101583.62,286.09445,0.37787157
Portugal,2005,17.55655,14.587402,101663.055,285.63748,0.454616
Portugal,2006,18.471222,15.3980255,101597.81,287.0673,0.57797784
Portugal,2007,17.927795,21.284103,101672.195,286.22382,0.71938944
Portugal,2008,17.782593,18.018723,101573.91,286.3136,0.34291908
Portugal,2009,18.112762,23.378372,101442.4,286.73096,0.18368407
Portugal,2010,17.415161,13.410568,101305.16,285.5734,0.5274881
Portugal,2011,18.275421,16.729355,101676.96,287.08932,0.8412495
Portugal,2012,18.086487,12.150764,101582.91,286.2499,0.24430315
Portugal,2013,17.977783,12.384415,101491.836,285.82413,0.5895442
Portugal,2014,18.55893,13.050079,101411.664,287.12466,0.2987601
Portugal,2015,18.493958,19.522667,101778.24,287.06424,0.483372
Portugal,2016,18.582458,17.549515,101622.73,286.948,0.37024912
Portugal,2017,18.565308,10.483742,101740.69,286.98364,0.36138758
Portugal,2018,18.415894,23.022652,101448.66,286.93787,0.34819072
Portugal,2019,18.381714,13.344765,101557.32,286.79324,0.030022595
Russia,1990,-4.4864197,13.081551,96819.586,263.15524,1.0787566
Russia,1991,-5.943207,14.925957,96975.99,262.28983,0.9544417
Russia,1992,-4.3986816,10.566711,96848.18,263.08777,1.3000509
Russia,1993,-4.3256836,14.68277,96840.195,264.19418,1.2324144
Russia,1994,-6.4295654,12.00676,96968.305,261.58035,0.7360351
Russia,1995,-3.81958,17.773628,96715.5,264.8099,1.4215091
Russia,1996,-6.325592,15.937805,96961.37,262.17282,1.1787319
Russia,1997,-4.781372,13.681412,96840.5,263.3371,1.4283633
Russia,1998,-6.784973,16.432762,96829.77,261.93158,0.98954785
Russia,1999,-6.3215027,15.938759,96976.6,262.1932,1.1795691
Russia,2000,-7.757019,13.688087,96990.46,260.64352,0.8560861
Russia,2001,-5.824951,13.98468,96898.164,262.3187,0.94197476
Russia,2002,-4.8115845,15.56015,96810.086,263.555,1.3077517
Russia,2003,-3.9923096,12.271881,96830.73,263.84415,1.2533303
Russia,2004,-5.857605,14.073372,96833.945,262.58878,0.9936538
Russia,2005,-5.080017,14.028549,97053.555,263.03787,0.98370576
Russia,2006,-6.822876,11.785507,96917.4,260.80182,0.77432454
Russia,2007,-3.9719543,17.173767,96748.53,264.4066,1.4043331
Russia,2008,-4.6875,17.718315,96743.82,263.85983,1.231094
Russia,2009,-7.3247375,11.888504,96990.4,260.6328,0.644608
Russia,2010,-7.497925,13.353348,96988.91,260.56912,0.99837327
Russia,2011,-3.6275635,13.381958,96991.96,264.05695,1.2552493
Russia,2012,-6.454834,11.140823,97087.99,261.43448,0.62701297
Russia,2013,-4.9599,15.411377,96809.414,263.23837,0.8525664
Russia,2014,-5.9280396,16.579628,96847.664,262.27652,1.3876892
Russia,2015,-3.74646,13.737679,96853.91,264.51865,1.1252695
Russia,2016,-4.9487915,9.860992,97184.06,262.91104,0.86758226
Russia,2017,-4.1708374,12.122154,96953.52,263.72046,1.3003815
Russia,2018,-5.0826416,13.699532,96944.24,262.94827,1.2441978
Russia,2019,-3.9265442,13.336182,96851.66,264.21933,1.4451047
Samoa,1990,21.287354,3.5972595,101552.75,290.17575,6.4259043
Samoa,1991,21.132812,3.396988,101571.91,289.8784,6.524694
Samoa,1992,20.63385,3.74794,101595.18,289.65417,6.766771
Samoa,1993,21.487122,2.7332306,101542.945,290.17026,6.0939975
Samoa,1994,21.178345,3.2863617,101558.055,289.8292,6.6189165
Samoa,1995,21.566162,3.6363602,101515.336,290.39307,6.5806446
Samoa,1996,21.31488,3.4065247,101508.445,290.012,6.53327
Samoa,1997,20.842834,3.1280518,101575.586,289.92206,6.2985873
Samoa,1998,21.205933,3.332138,101567.02,290.17328,6.800587
Samoa,1999,21.495392,2.9687881,101498.19,290.27588,6.6193523
Samoa,2000,21.30371,3.3569336,101508.79,290.09976,6.6478705
Samoa,2001,21.461487,3.665924,101545.414,290.01044,6.483368
Samoa,2002,21.263916,3.6888123,101552.75,290.0843,6.8512654
Samoa,2003,21.518738,3.019333,101536.73,290.2999,6.6624155
Samoa,2004,21.159485,3.121376,101560.62,289.66266,6.6123
Samoa,2005,21.423737,3.191948,101543.555,290.06116,6.8242893
Samoa,2006,21.2323,3.2043457,101532.23,289.89835,6.516143
Samoa,2007,21.17273,3.3168793,101530.28,290.03827,6.944283
Samoa,2008,21.591675,3.835678,101462.99,290.38342,6.626189
Samoa,2009,21.624481,3.3693314,101505.15,290.2705,6.4787683
Samoa,2010,21.682556,3.5419464,101491.32,290.3942,6.7227507
Samoa,2011,21.455261,4.213333,101478.71,290.05936,6.7591596
Samoa,2012,20.9794,3.1328201,101566.41,289.52255,6.7626677
Samoa,2013,21.270569,3.2215118,101563.5,289.8339,6.9986176
Samoa,2014,21.527832,3.3044815,101579.5,289.89877,6.7371655
Samoa,2015,21.332825,3.6230087,101604.57,290.06766,6.8312926
Samoa,2016,21.767365,2.872467,101568.98,290.55136,6.773402
Samoa,2017,21.507538,3.1604767,101544.94,290.15244,6.678692
Samoa,2018,21.51648,3.0822754,101541.07,290.29446,6.8227825
Samoa,2019,21.653534,2.7894974,101537.24,290.66434,6.6397853
Solomon Islands,1990,23.804108,134.75037,95741.75,295.06882,1.0476687
Solomon Islands,1991,23.743317,140.45334,95758.41,294.99588,0.9627828
Solomon Islands,1992,23.454498,113.497734,95787.34,294.6384,1.1079693
Solomon Islands,1993,23.315918,130.68199,95810.03,294.54605,1.4605311
Solomon Islands,1994,23.455383,143.7397,95783.22,294.68515,1.33706
Solomon Islands,1995,23.906982,146.7228,95780.164,295.24463,1.3267652
Solomon Islands,1996,23.767029,148.97919,95728.695,295.1489,0.9624548
Solomon Islands,1997,23.195679,118.20793,95840.086,294.26547,1.2753947
Solomon Islands,1998,23.851105,148.0751,95865.35,295.25076,1.1045817
Solomon Islands,1999,23.623657,163.13362,95770.02,295.0228,0.8135916
Solomon Islands,2000,23.607422,160.0132,95737.54,295.0218,0.8340775
Solomon Islands,2001,23.67926,151.0086,95726.0,295.04202,1.0471524
Solomon Islands,2002,23.65503,169.00063,95736.836,295.0439,0.9487211
Solomon Islands,2003,23.650574,143.47076,95760.31,294.97372,1.2429931
Solomon Islands,2004,23.655579,178.47633,95754.12,295.16428,1.2558415
Solomon Islands,2005,23.986572,149.15848,95767.22,295.33542,1.1958231
Solomon Islands,2006,23.84671,181.74171,95747.98,295.2906,1.0309936
Solomon Islands,2007,24.161194,157.58705,95720.945,295.43573,0.88423026
Solomon Islands,2008,23.800964,159.32751,95767.24,295.11844,1.0289388
Solomon Islands,2009,24.199524,159.01279,95734.15,295.3978,0.97700596
Solomon Islands,2010,24.55072,145.78438,95778.07,295.66486,1.1169902
Solomon Islands,2011,24.33368,145.69664,95746.29,295.39236,1.1037848
Solomon Islands,2012,24.285553,164.83401,95734.49,295.47275,0.9896215
Solomon Islands,2013,24.328674,202.22092,95747.914,295.6119,1.073439
Solomon Islands,2014,24.350922,179.0905,95764.914,295.5519,1.2970419
Solomon Islands,2015,24.18161,163.81264,95794.24,295.37152,1.3055537
Solomon Islands,2016,24.652283,176.47171,95811.81,295.75073,1.1839073
Solomon Islands,2017,24.516968,168.57816,95783.35,295.78165,1.1951654
Solomon Islands,2018,24.441956,190.06061,95744.74,295.69632,1.0749161
Solomon Islands,2019,24.54187,167.09518,95779.82,295.73465,1.0825362
South Africa,1990,18.037354,8.227348,89211.25,276.50323,0.5668668
South Africa,1991,17.86148,14.413834,89219.41,278.09354,0.6671734
South Africa,1992,18.479553,5.4006577,89186.01,275.02185,0.96115357
South Africa,1993,18.796051,7.689476,89225.695,276.86865,0.6104598
South Africa,1994,18.14743,7.5626373,89221.22,275.7768,0.3282797
South Africa,1995,17.759033,13.658524,89171.086,277.64404,0.5053679
South Africa,1996,17.115479,13.465881,89131.37,277.71872,0.57303035
South Africa,1997,17.890991,9.593964,89229.75,277.4865,0.652691
South Africa,1998,18.531921,7.628441,89242.19,276.928,0.70390785
South Africa,1999,19.19867,9.471893,89205.02,277.87695,0.45176762
South Africa,2000,17.868805,14.422417,89207.04,278.24802,0.21298495
South Africa,2001,18.160553,13.584137,89195.164,279.18655,0.49430406
South Africa,2002,18.191498,11.497498,89247.914,276.96725,0.50652444
South Africa,2003,18.50003,7.888794,89212.31,275.79727,0.67343915
South Africa,2004,18.825012,11.398315,89237.62,277.16086,0.59687763
South Africa,2005,18.428467,11.357307,89201.055,276.85886,0.69621104
South Africa,2006,17.63382,17.118454,89244.4,278.4138,0.5872638
South Africa,2007,18.356018,9.775162,89185.87,274.75198,0.8587799
South Africa,2008,18.208862,10.149002,89155.57,276.22522,0.7815632
South Africa,2009,18.027802,13.121605,89191.73,276.2897,0.7584269
South Africa,2010,18.91336,9.693146,89178.99,276.1152,0.87515986
South Africa,2011,17.268433,16.798973,89153.125,276.93387,0.5606812
South Africa,2012,17.712646,12.576103,89161.57,276.20078,0.6067083
South Africa,2013,18.245361,6.9503784,89187.25,274.38388,0.80752623
South Africa,2014,18.77295,8.900642,89200.086,275.91714,0.7056877
South Africa,2015,19.529755,7.156372,89192.99,274.51523,0.6259273
South Africa,2016,19.371368,9.4127655,89249.98,275.31436,0.47982487
South Africa,2017,19.273163,7.9898834,89240.35,274.43417,0.45759842
South Africa,2018,18.953491,7.5569153,89208.57,274.52136,0.651685
South Africa,2019,20.20691,3.4294128,89204.07,273.37607,0.8876773
Spain,1990,13.23233,23.329735,93110.5,281.44577,1.0204293
Spain,1991,12.467438,25.743484,93004.74,280.235,1.3026025
Spain,1992,12.41333,22.815704,93061.93,280.62015,1.4177125
Spain,1993,12.239563,24.14608,93002.37,280.22885,1.0615461
Spain,1994,14.048309,16.54625,93008.72,280.7535,1.3513695
Spain,1995,13.669006,19.341469,92969.25,280.86914,1.2567682
Spain,1996,13.065369,23.422241,92722.945,280.43567,1.3893027
Spain,1997,13.84494,24.375916,92984.336,281.73245,0.8388706
Spain,1998,13.362671,21.077156,93062.02,280.72226,1.3974077
Spain,1999,13.193787,21.425247,92944.44,280.86996,1.4990878
Spain,2000,13.542297,22.39418,92976.46,280.75748,1.0670885
Spain,2001,13.614014,18.016815,92945.914,280.473,1.3784751
Spain,2002,13.554443,26.540756,92933.336,281.0402,1.3275365
Spain,2003,13.722046,28.348923,92966.73,281.12393,0.93552417
Spain,2004,13.214996,24.71447,92955.03,280.4981,1.4733968
Spain,2005,13.126709,14.825821,93012.88,279.14157,1.2268585
Spain,2006,14.036163,18.68248,92988.48,280.56387,0.83310235
Spain,2007,13.366577,23.428917,93049.195,279.3599,1.4177299
Spain,2008,12.937195,30.615807,92941.41,280.26852,1.2061805
Spain,2009,13.836243,17.813683,92826.23,279.81723,1.1991315
Spain,2010,12.87738,23.902893,92667.99,278.99625,1.533013
Spain,2011,14.084656,21.341324,93062.79,280.89987,0.8835003
Spain,2012,14.153229,17.007828,92961.24,279.1832,1.2863736
Spain,2013,13.562744,24.707794,92858.836,279.5543,1.8723329
Spain,2014,14.545898,27.417183,92814.336,281.04672,1.2720753
Spain,2015,14.235962,25.544167,93159.82,280.89154,1.2809831
Spain,2016,14.340454,21.345139,93006.98,280.63403,1.1146324
Spain,2017,14.344299,17.427444,93118.52,280.16025,1.1475962
Spain,2018,14.164917,30.67398,92845.32,280.72644,1.2976658
Spain,2019,14.18512,17.825127,92946.82,279.7553,1.3475751
Sudan,1990,28.055725,7.0438385,94925.336,281.124,1.0493994
Sudan,1991,27.397278,11.383057,94941.49,282.73288,0.59882355
Sudan,1992,26.702545,9.346008,94985.76,281.0344,1.0158284
Sudan,1993,27.29004,11.143684,94954.37,282.40445,0.7524494
Sudan,1994,26.8172,12.577057,94960.305,281.6204,1.0520679
Sudan,1995,26.968018,12.124062,94925.336,281.41504,0.9446191
Sudan,1996,26.768646,14.551163,94886.695,282.07468,0.7445915
Sudan,1997,27.074097,12.090683,94982.25,281.60468,0.785746
Sudan,1998,27.567078,12.563705,94971.52,281.7369,0.91768384
Sudan,1999,27.58606,13.417244,94888.1,283.0293,0.8389968
Sudan,2000,27.311676,9.685516,94903.96,281.70816,1.1859351
Sudan,2001,27.513245,12.641907,94925.586,282.06723,1.0563688
Sudan,2002,27.773682,9.04274,94932.086,280.98776,1.1115184
Sudan,2003,27.787476,10.400772,94914.31,281.72226,0.8281431
Sudan,2004,27.83722,8.945465,94917.28,281.66495,0.8172573
Sudan,2005,28.042053,9.7846985,94903.47,281.6111,0.96378565
Sudan,2006,27.538605,11.493683,94921.56,281.8487,0.82164025
Sudan,2007,27.566772,10.128021,94914.12,282.04398,0.9259152
Sudan,2008,27.588074,7.8983307,94881.07,282.65588,0.85436755
Sudan,2009,28.28595,7.452011,94879.48,281.64096,1.0258344
Sudan,2010,28.190857,7.3509216,94859.24,283.63297,0.5471584
Sudan,2011,27.381714,7.2898865,94878.71,281.2156,1.0731288
Sudan,2012,27.418518,7.4825287,94901.99,281.45435,0.8540738
Sudan,2013,28.011963,8.930206,94898.586,282.0297,0.87442166
Sudan,2014,27.724304,11.333466,94937.0,283.5446,0.58557326
Sudan,2015,28.068817,5.191803,94957.24,280.53006,1.0643926
Sudan,2016,28.31781,8.155823,94953.81,281.4703,0.9615017
Sudan,2017,28.301819,6.8006516,94915.02,281.00317,1.0482036
Sudan,2018,27.794647,9.185791,94924.66,280.74924,0.86801493
Sudan,2019,27.650116,12.929916,94944.16,281.67392,0.7531442
Tanzania,1990,22.876526,23.504257,89559.836,288.07794,2.4085388
Tanzania,1991,23.550598,21.91639,89528.99,287.6969,2.4191587
Tanzania,1992,22.752197,25.769234,89556.09,287.83093,2.446923
Tanzania,1993,23.554016,15.595436,89557.195,286.64877,2.94288
Tanzania,1994,23.505005,22.377968,89526.63,287.56293,2.5708687
Tanzania,1995,23.241608,22.750854,89521.5,287.46988,2.4909618
Tanzania,1996,22.864502,21.88301,89497.195,287.1702,2.4871652
Tanzania,1997,23.387268,25.478363,89562.75,287.64633,2.5773518
Tanzania,1998,23.215698,25.028229,89579.35,287.78558,2.424188
Tanzania,1999,23.187622,17.914772,89517.35,286.76938,2.9122043
Tanzania,2000,23.009766,22.410393,89499.875,287.2368,2.4594557
Tanzania,2001,23.039124,21.1792,89532.086,287.34427,2.4185143
Tanzania,2002,23.009033,24.347305,89567.414,287.9357,2.5161505
Tanzania,2003,23.760284,12.218475,89531.65,287.3134,2.565863
Tanzania,2004,23.49414,19.052505,89553.62,287.5878,2.5772305
Tanzania,2005,24.08258,11.316299,89533.805,287.37088,2.9462552
Tanzania,2006,23.749878,19.077301,89535.56,287.64474,2.637739
Tanzania,2007,23.476929,18.640518,89511.28,287.8773,2.4000282
Tanzania,2008,23.219757,18.554688,89496.32,287.5182,2.521295
Tanzania,2009,23.902649,14.055252,89523.06,287.3436,2.7376246
Tanzania,2010,23.933228,17.225266,89514.41,287.30173,2.6884604
Tanzania,2011,23.343292,25.527954,89468.21,288.1736,2.3149276
Tanzania,2012,23.71753,15.789032,89494.16,287.58115,2.4049654
Tanzania,2013,23.963776,17.95578,89526.836,287.26343,2.511508
Tanzania,2014,23.733582,22.935867,89546.414,288.15903,2.3455782
Tanzania,2015,24.200989,20.855904,89561.74,288.09207,2.3070107
Tanzania,2016,23.751404,23.170471,89600.48,288.05396,2.4785936
Tanzania,2017,24.462952,15.2311325,89539.52,287.83618,2.7953475
Tanzania,2018,23.491577,27.783394,89563.41,288.29495,2.466979
Tanzania,2019,24.075745,22.489548,89548.32,288.7086,2.402819
Thailand,1990,27.70987,51.552773,99390.0,294.84308,0.7348784
Thailand,1991,27.819489,51.366806,99421.24,294.4578,0.8296948
Thailand,1992,27.356018,47.585487,99449.09,293.85617,0.73710793
Thailand,1993,27.346985,44.186592,99461.695,293.78482,0.7735037
Thailand,1994,27.43454,55.91774,99393.13,294.48495,0.81035227
Thailand,1995,27.537354,53.995132,99412.664,294.54102,0.8380366
Thailand,1996,27.047943,59.73816,99382.945,294.76428,0.7408608
Thailand,1997,27.786682,44.569016,99462.086,294.6675,0.7822242
Thailand,1998,28.232117,49.6912,99407.94,295.51297,0.78670657
Thailand,1999,27.157013,57.881355,99354.94,294.59604,0.7047226
Thailand,2000,27.181946,62.781334,99327.125,294.8185,0.6605381
Thailand,2001,27.573486,52.236557,99359.164,295.25882,0.66098535
Thailand,2002,27.830658,61.07521,99409.25,295.60056,0.7655738
Thailand,2003,27.638062,46.40007,99436.4,295.22763,0.6492789
Thailand,2004,27.54004,41.701317,99435.28,294.5798,0.7685984
Thailand,2005,27.946533,48.02227,99403.97,295.43845,0.7799819
Thailand,2006,27.82962,52.326202,99400.73,295.34576,0.6828669
Thailand,2007,27.806366,51.94378,99373.945,295.0119,0.7502127
Thailand,2008,27.08191,61.44142,99374.07,294.93845,0.82312423
Thailand,2009,27.352997,59.44538,99359.15,295.40317,0.55774325
Thailand,2010,28.301208,48.074722,99361.07,295.85025,0.8267005
Thailand,2011,27.069214,67.27409,99374.375,294.9612,0.7635956
Thailand,2012,28.17862,45.74108,99304.41,296.01865,0.73474276
Thailand,2013,27.839417,48.849106,99373.836,295.15503,0.7165143
Thailand,2014,27.677094,47.023773,99433.75,295.28076,0.76289576
Thailand,2015,28.04309,45.096397,99479.41,295.5468,0.6689441
Thailand,2016,28.20047,51.99814,99413.81,295.53653,0.7170039
Thailand,2017,27.843628,54.50058,99422.69,295.71817,0.71395254
Thailand,2018,27.613007,54.84295,99411.41,295.91052,0.7213714
Thailand,2019,28.44812,45.77446,99439.99,295.54926,0.71520334
Tonga,1990,19.958252,4.070282,101875.586,288.30905,6.4923944
Tonga,1991,19.983887,3.8375854,101884.07,288.3455,6.200098
Tonga,1992,19.478577,3.9815903,101932.09,287.9763,6.755011
Tonga,1993,20.16925,3.7498474,101845.78,288.7578,5.9254894
Tonga,1994,19.853333,3.7412643,101883.63,288.1041,6.434249
Tonga,1995,20.042389,3.9815903,101857.836,288.38052,6.713003
Tonga,1996,19.932556,4.716873,101828.53,288.09875,6.0850534
Tonga,1997,19.584198,4.8122406,101894.664,288.4271,6.2371435
Tonga,1998,19.751495,3.7221909,101920.44,288.25937,6.902294
Tonga,1999,20.145447,3.6811829,101833.1,288.52817,6.5867248
Tonga,2000,19.902496,4.327774,101848.125,288.17007,6.8179708
Tonga,2001,20.06305,4.037857,101858.914,288.13788,6.371016
Tonga,2002,20.074799,3.446579,101888.586,288.37643,6.6290956
Tonga,2003,20.424011,4.1236877,101859.15,288.70532,6.4581537
Tonga,2004,19.658691,3.9663315,101894.78,287.94064,6.675862
Tonga,2005,20.283264,4.170418,101875.38,288.44788,6.589314
Tonga,2006,19.71878,3.9367676,101863.06,288.01974,6.5532217
Tonga,2007,19.894745,3.7498474,101876.195,288.16165,6.7933693
Tonga,2008,19.96634,4.33445,101800.41,288.1549,6.570318
Tonga,2009,20.250305,3.8700104,101812.56,288.37534,6.115902
Tonga,2010,20.209747,3.961563,101817.99,288.1899,6.3816695
Tonga,2011,19.684937,5.1965714,101830.54,287.85135,6.9931393
Tonga,2012,19.674225,4.7397614,101905.66,287.92294,7.0097303
Tonga,2013,20.095947,3.5991669,101904.086,288.20483,6.887422
Tonga,2014,20.170105,4.1828156,101912.414,288.06656,6.5880957
Tonga,2015,20.309692,4.181862,101926.82,288.32416,6.4582267
Tonga,2016,20.441193,4.1007996,101913.81,288.86368,6.9745784
Tonga,2017,19.9758,4.4498444,101881.94,288.18774,6.7494826
Tonga,2018,20.286987,3.9310455,101874.74,288.40695,6.377545
Tonga,2019,20.838104,3.3187866,101861.07,289.1544,6.5517893
Turkey,1990,10.3993225,14.275551,87718.586,274.76105,0.60102165
Turkey,1991,10.335114,17.22908,87608.91,274.85608,0.38467544
Turkey,1992,8.632233,15.104294,87650.84,272.89587,0.2623052
Turkey,1993,9.87677,13.376236,87705.12,273.30435,0.411682
Turkey,1994,11.856567,13.058662,87615.555,274.64236,0.5532791
Turkey,1995,11.053467,17.60292,87615.25,275.07584,0.069693126
Turkey,1996,11.733643,17.8051,87541.195,275.50192,0.2884948
Turkey,1997,10.3758545,15.899658,87614.664,274.35257,0.16068195
Turkey,1998,11.9383545,16.168594,87657.44,276.49213,0.25423166
Turkey,1999,11.984161,11.341095,87633.52,276.2308,0.1650663
Turkey,2000,10.549469,14.906883,87648.375,275.42462,0.49969354
Turkey,2001,12.7901,12.939453,87580.914,276.2144,0.17524298
Turkey,2002,10.668213,14.162064,87662.336,275.0781,0.19163689
Turkey,2003,11.194366,12.199402,87604.4,275.04288,0.6660427
Turkey,2004,10.908203,12.630463,87658.53,274.44064,0.42177653
Turkey,2005,11.210999,13.121605,87618.805,275.01624,0.37768045
Turkey,2006,11.449738,11.257172,87622.48,274.7004,0.44567552
Turkey,2007,11.871307,13.448715,87638.62,274.55276,0.46040463
Turkey,2008,10.49939,13.546944,87684.16,274.27405,0.4187326
Turkey,2009,11.411102,18.464088,87572.56,275.8203,0.33749563
Turkey,2010,13.092224,16.830444,87551.16,277.01886,0.15692014
Turkey,2011,10.203308,13.833046,87609.46,274.84094,0.6742141
Turkey,2012,11.294983,16.184807,87565.74,275.09073,0.47251675
Turkey,2013,11.247955,12.201309,87606.0,274.1835,0.46047214
Turkey,2014,12.699066,13.783455,87635.336,275.81705,0.05517453
Turkey,2015,11.557739,15.84053,87686.41,275.80154,0.36241096
Turkey,2016,11.865021,15.649796,87669.23,274.808,0.34701163
Turkey,2017,11.832733,14.550209,87688.02,274.4672,0.1926211
Turkey,2018,13.314667,13.201714,87605.57,276.76584,0.36970532
Turkey,2019,12.226776,14.320374,87622.99,275.9407,0.35323688
Uganda,1990,22.060791,52.27852,89356.086,291.8735,0.73555887
Uganda,1991,22.204254,48.45524,89351.82,291.86423,0.531353
Uganda,1992,22.50772,42.028427,89342.84,291.13968,0.5072116
Uganda,1993,22.587708,40.987015,89342.695,291.37222,0.3969077
Uganda,1994,22.571747,50.764084,89332.555,291.52484,0.48585203
Uganda,1995,22.743896,43.07556,89316.914,291.80045,0.55288345
Uganda,1996,22.454346,46.41533,89293.945,291.77063,0.4821717
Uganda,1997,22.986053,47.107697,89350.25,291.21323,0.4805744
Uganda,1998,22.95169,36.38649,89371.77,291.91318,0.66398805
Uganda,1999,22.317322,40.207863,89294.27,290.9554,0.6543822
Uganda,2000,22.689606,34.2741,89278.21,290.9772,0.5771859
Uganda,2001,22.387115,41.769028,89336.086,291.40268,0.66213024
Uganda,2002,22.871674,39.756775,89340.086,291.27554,0.7619439
Uganda,2003,23.097351,35.268784,89330.48,291.08798,0.6794802
Uganda,2004,23.243317,39.770126,89334.78,290.98102,0.64911824
Uganda,2005,23.56958,36.09085,89313.88,290.90344,0.62677574
Uganda,2006,23.170929,42.99736,89328.31,291.02902,0.62937945
Uganda,2007,23.090546,37.16755,89309.62,291.06528,0.5471836
Uganda,2008,22.870789,37.73403,89279.32,290.76218,0.67131245
Uganda,2009,23.623169,33.177376,89297.9,290.80093,0.8186002
Uganda,2010,23.009705,44.15703,89312.24,291.8185,0.70259184
Uganda,2011,23.098816,41.672707,89275.46,290.94333,0.58664685
Uganda,2012,23.469147,36.906242,89307.57,290.27466,0.42737526
Uganda,2013,23.274658,37.29248,89333.336,290.77612,0.5186816
Uganda,2014,23.84311,32.70626,89341.586,290.24072,0.4681596
Uganda,2015,23.947388,35.28595,89364.07,290.1956,0.4360951
Uganda,2016,24.498322,28.17154,89367.48,290.5663,0.5878855
Uganda,2017,24.184937,34.94358,89322.94,290.3163,0.5623058
Uganda,2018,23.454468,39.675713,89347.99,290.54105,0.66832644
Uganda,2019,23.621643,45.758247,89355.24,291.21005,0.42934617
United Kingdom,1990,10.251862,24.224281,101192.414,280.09128,3.9416304
United Kingdom,1991,9.530914,20.640373,101483.91,279.62366,2.286101
United Kingdom,1992,9.858643,23.974419,101362.26,279.71912,3.0113587
United Kingdom,1993,9.167969,20.905495,101438.695,279.14014,1.8184998
United Kingdom,1994,9.628387,19.54174,101139.63,279.56503,2.8174548
United Kingdom,1995,9.872467,25.084496,101317.586,279.6255,2.0945919
United Kingdom,1996,9.030853,19.319534,101444.03,278.901,1.0562854
United Kingdom,1997,10.228241,21.800995,101418.75,280.30374,2.1517558
United Kingdom,1998,9.935089,27.736664,101173.6,279.93597,2.7899294
United Kingdom,1999,10.234161,25.624275,101100.44,280.1481,2.8808281
United Kingdom,2000,9.967773,30.377388,101038.375,279.9759,2.5766268
United Kingdom,2001,9.875397,27.923584,101333.664,279.79364,1.6180971
United Kingdom,2002,10.68158,26.060104,101199.414,280.57175,2.3638773
United Kingdom,2003,10.802277,21.793365,101492.98,280.64087,2.4382863
United Kingdom,2004,10.429199,27.255058,101277.03,280.5222,2.685154
United Kingdom,2005,10.323303,26.783943,101494.88,280.24637,2.2174304
United Kingdom,2006,10.632843,25.255203,101286.98,280.6174,2.7455368
United Kingdom,2007,10.500366,21.940231,101403.62,280.42596,2.8767662
United Kingdom,2008,10.095886,30.30014,101171.07,280.01868,2.725249
United Kingdom,2009,10.248505,27.791977,101168.73,280.17123,2.8448012
United Kingdom,2010,9.27063,27.051926,101334.66,279.02505,0.8311723
United Kingdom,2011,10.193726,24.543762,101317.875,280.32156,3.7058847
United Kingdom,2012,9.651611,32.15599,101272.57,279.53848,2.3000803
United Kingdom,2013,9.588776,20.507812,101333.664,279.42178,1.9839363
United Kingdom,2014,10.739105,26.378632,100995.414,280.89047,2.8669472
United Kingdom,2015,10.082153,25.499344,101344.99,280.0364,3.8170557
United Kingdom,2016,10.293396,26.50261,101360.65,280.30948,2.0615351
United Kingdom,2017,10.474823,29.967308,101304.52,280.5543,3.1501772
United Kingdom,2018,10.182678,23.770332,101348.74,280.22806,2.1141486
United Kingdom,2019,10.504944,26.132584,101173.24,280.4228,2.3920467
United States,1990,18.912994,12.735367,101870.0,288.3317,1.394808
United States,1991,18.126617,9.263039,101799.07,287.178,0.82288754
United States,1992,18.128174,8.785248,101862.43,287.45853,0.71809554
United States,1993,17.990723,9.716988,101798.62,287.35904,0.33568135
United States,1994,18.814758,7.9755783,101809.88,288.2501,0.24012716
United States,1995,18.816467,7.3127747,101756.336,287.99576,0.45948482
United States,1996,18.449463,10.51712,101558.445,287.36618,0.43959782
United States,1997,18.958069,8.802414,101758.75,288.44467,0.21145335
United States,1998,18.688171,6.081581,101862.02,287.86957,0.37881893
United States,1999,18.607697,9.797096,101737.69,287.77832,0.43735644
United States,2000,18.645172,5.443573,101797.71,287.89597,0.14114633
United States,2001,18.852783,11.295319,101743.5,288.0998,0.03578702
United States,2002,18.64154,8.178711,101746.086,287.9858,0.4479083
United States,2003,18.908722,13.879776,101726.65,288.16837,0.5606059
United States,2004,18.517883,11.122704,101739.12,287.63385,0.3919905
United States,2005,18.210358,8.193016,101801.47,286.9941,0.9778029
United States,2006,18.855988,9.479523,101738.31,288.2888,0.81609184
United States,2007,18.58435,14.827728,101807.195,287.90042,0.942364
United States,2008,18.556335,10.5781555,101739.91,287.78757,0.22702256
United States,2009,18.876923,9.943962,101639.31,288.0599,0.6083205
United States,2010,18.590271,11.966705,101493.49,287.56476,0.2501412
United States,2011,19.10144,13.268471,101797.54,288.38327,1.2291574
United States,2012,18.566956,11.10363,101770.99,287.7649,0.4640822
United States,2013,18.560455,9.111404,101699.914,287.62134,0.66580206
United States,2014,19.135101,9.030342,101624.414,288.41928,1.3748962
United States,2015,19.263977,6.7653656,101917.07,288.351,1.2283807
United States,2016,19.25467,10.299683,101783.06,288.4817,0.6392873
United States,2017,19.307343,8.962631,101865.19,288.46866,1.7366188
United States,2018,18.879456,15.091896,101643.49,288.2549,0.9329423
United States,2019,19.028687,10.2033615,101735.99,288.33963,0.33796352
Vanuatu,1990,24.124084,81.39038,98716.586,294.52716,2.1946216
Vanuatu,1991,23.768219,106.25553,98719.57,294.25858,2.028742
Vanuatu,1992,23.841705,68.912506,98721.51,293.6011,1.8670926
Vanuatu,1993,23.497864,55.900574,98813.53,293.2588,2.45261
Vanuatu,1994,23.527313,76.942444,98765.055,293.44525,2.233432
Vanuatu,1995,24.23169,64.8098,98774.914,294.4022,2.212576
Vanuatu,1996,24.12738,90.41214,98695.53,294.70847,1.8498833
Vanuatu,1997,23.83728,64.863205,98789.586,293.73294,2.16595
Vanuatu,1998,24.484406,75.460434,98845.02,294.88486,2.1140568
Vanuatu,1999,24.10852,115.54718,98725.77,295.1538,1.5883065
Vanuatu,2000,24.067047,118.2003,98697.29,295.07306,1.6090466
Vanuatu,2001,24.234283,85.50835,98680.086,294.7375,1.6709121
Vanuatu,2002,24.133392,95.42465,98697.25,294.69513,2.0436342
Vanuatu,2003,24.06659,74.50485,98732.06,294.05215,1.9558622
Vanuatu,2004,23.90625,71.34819,98734.12,294.29434,2.3019528
Vanuatu,2005,24.070557,84.49745,98745.055,294.4508,2.0047965
Vanuatu,2006,23.909363,92.91649,98751.23,294.51993,2.3796551
Vanuatu,2007,24.449097,98.33717,98676.37,295.3,1.8424177
Vanuatu,2008,24.178741,99.2403,98732.49,294.9907,1.6177555
Vanuatu,2009,23.873169,103.25241,98719.48,294.4152,2.0904784
Vanuatu,2010,24.545532,86.45058,98762.24,295.16876,2.2727365
Vanuatu,2011,24.151398,104.21848,98708.375,295.01248,1.523162
Vanuatu,2012,24.00055,116.004944,98714.99,294.82446,1.9281144
Vanuatu,2013,24.180908,104.71916,98713.336,294.6765,1.953922
Vanuatu,2014,24.110535,83.37879,98746.5,294.42593,2.1899576
Vanuatu,2015,24.142395,83.73833,98765.82,294.2392,2.4280548
Vanuatu,2016,24.672638,58.57086,98767.98,294.3401,1.9033625
Vanuatu,2017,24.387909,88.29594,98754.85,294.74356,2.0415745
Vanuatu,2018,24.079803,99.14589,98731.07,294.50443,1.9579309
Vanuatu,2019,24.156311,87.8191,98722.41,294.47812,2.2310922
Venezuela,1990,27.054596,34.99317,99738.0,295.75568,1.904448
Venezuela,1991,26.860992,39.708138,99748.82,295.99036,1.9496042
Venezuela,1992,26.838287,34.715652,99756.51,295.27396,1.9976387
Venezuela,1993,27.0,38.702965,99745.87,295.61685,1.8626509
Venezuela,1994,26.870728,41.589737,99740.38,295.7343,2.0080698
Venezuela,1995,27.200745,38.94329,99703.75,295.79263,1.7985343
Venezuela,1996,26.95517,32.814026,99692.28,295.7921,2.0902185
Venezuela,1997,27.015686,34.97505,99760.336,295.7308,1.9014775
Venezuela,1998,27.682495,34.158707,99730.85,296.01395,1.8661863
Venezuela,1999,26.878052,39.910316,99682.19,295.66245,1.858006
Venezuela,2000,27.030914,30.398369,99687.46,295.43976,1.8712888
Venezuela,2001,26.927002,26.269913,99732.414,295.5041,2.1266136
Venezuela,2002,27.11499,34.622192,99731.164,295.67398,1.9190978
Venezuela,2003,27.359253,32.728195,99720.73,296.04288,1.8735106
Venezuela,2004,27.271973,30.700684,99727.195,295.90128,1.7892157
Venezuela,2005,27.278381,31.406403,99705.88,296.00974,1.9821874
Venezuela,2006,27.348999,29.474258,99705.4,295.91885,1.8662267
Venezuela,2007,27.309448,36.11183,99702.695,295.6242,1.8439956
Venezuela,2008,27.314148,37.900925,99665.49,295.52307,1.7222202
Venezuela,2009,27.426392,36.02314,99697.56,295.99365,1.8251407
Venezuela,2010,27.68045,39.482117,99675.49,296.3465,1.9402426
Venezuela,2011,27.34851,34.783363,99665.46,295.75955,1.8968376
Venezuela,2012,27.151764,38.618088,99727.66,295.775,1.8274082
Venezuela,2013,27.329346,33.187866,99731.75,295.76474,1.9238697
Venezuela,2014,27.202972,40.397644,99748.164,296.12485,1.8383814
Venezuela,2015,27.388641,28.604507,99784.66,295.7781,1.8959761
Venezuela,2016,27.724396,40.477753,99758.48,296.19522,1.7533057
Venezuela,2017,27.576233,38.819313,99719.85,296.2893,1.8907031
Venezuela,2018,27.51535,42.77134,99721.66,296.1592,1.8276073
Venezuela,2019,27.798553,46.70143,99727.16,296.5429,1.7525523
