Country,Cause,Year,Predicted_Rate,Lower_Bound,Upper_Bound
United States,Cardiovascular Diseases,2020,961668.3288746785,955733.4081578192,968147.2211506537
United States,Cardiovascular Diseases,2021,978091.1903232251,971118.3596711097,985605.1937912947
United States,Cardiovascular Diseases,2022,994469.3802821822,983947.2623691717,1004073.99990871
United States,Cardiovascular Diseases,2023,1010847.570241139,995361.1400921196,1024706.2583335877
United States,Cardiovascular Diseases,2024,1027225.7602000958,1008363.181367258,1044744.5486046921
United States,Cardiovascular Diseases,2025,1043648.6216486428,1017104.1494639316,1067012.2768789905
United States,Cardiovascular Diseases,2026,1060026.8116075995,1028745.2960308691,1090369.443406935
United States,Cardiovascular Diseases,2027,1076405.001566556,1038706.125767207,1113783.819050395
United States,Cardiovascular Diseases,2028,1092783.1915255133,1047083.4474242815,1136099.246203708
United States,Cardiovascular Diseases,2029,1109206.05297406,1057797.7599272348,1162134.5607606347
United States,Cardiovascular Diseases,2030,1125584.2429330167,1063706.4663558071,1184585.6556732955
United States,Neoplasms,2020,778821.9058222474,774927.370112427,782683.7709699752
United States,Neoplasms,2021,793475.4351516608,789561.2311463885,797532.8337325825
United States,Neoplasms,2022,808088.7597691711,803513.1182791229,812549.831903792
United States,Neoplasms,2023,822702.0843866816,817180.8651330177,828128.9841445629
United States,Neoplasms,2024,837315.409004192,830102.9693644157,844300.9664954814
United States,Neoplasms,2025,851968.9383336053,843722.9057793949,860430.8917415522
United States,Neoplasms,2026,866582.2629511157,856228.1550500105,876983.3615683996
United States,Neoplasms,2027,881195.587568626,868756.398398287,893905.119228833
United States,Neoplasms,2028,895808.9121861364,880942.136008517,910054.6380833519
United States,Neoplasms,2029,910462.4415155499,892575.1384322935,926932.1706917017
United States,Neoplasms,2030,925075.7661330606,904567.0028237004,944341.7699643981
United States,Chronic Respiratory Diseases,2020,227715.35192227448,226610.2304291292,228852.63837364412
United States,Chronic Respiratory Diseases,2021,232219.27430657853,230997.61095681434,233424.94701031473
United States,Chronic Respiratory Diseases,2022,236710.87414895513,235280.17938095977,238070.61056216725
United States,Chronic Respiratory Diseases,2023,241202.4739913317,239332.23853018286,243161.351960628
United States,Chronic Respiratory Diseases,2024,245694.0738337083,243202.3959742028,248062.49196143122
United States,Chronic Respiratory Diseases,2025,250197.99621801247,247105.61538310163,253303.67822469622
United States,Chronic Respiratory Diseases,2026,254689.59606038907,251145.61764402044,258477.8134200456
United States,Chronic Respiratory Diseases,2027,259181.1959027656,254900.6675777838,263879.3289224207
United States,Chronic Respiratory Diseases,2028,263672.79574514215,258396.54767641888,269132.52764666465
United States,Chronic Respiratory Diseases,2029,268176.7181294463,262197.06869801664,274497.97355077043
United States,Chronic Respiratory Diseases,2030,272668.31797182286,265532.6528957488,280184.26394586515
United States,Lower Respiratory Infections,2020,81927.14018872417,81155.6055436806,82674.83006509495
United States,Lower Respiratory Infections,2021,83364.71469136728,82385.65716481431,84276.86704362382
United States,Lower Respiratory Infections,2022,84798.3427057272,83616.49814075386,86073.25675213971
United States,Lower Respiratory Infections,2023,86231.97072008715,84610.27671447268,88039.81853937928
United States,Lower Respiratory Infections,2024,87665.5987344471,85479.60644563742,89975.09524983777
United States,Lower Respiratory Infections,2025,89103.17323709019,86354.93214480081,92049.65399107974
United States,Lower Respiratory Infections,2026,90536.80125145013,87179.02686694436,94312.2386339366
United States,Lower Respiratory Infections,2027,91970.42926581005,87842.80106253292,96541.09607534778
United States,Lower Respiratory Infections,2028,93404.05728016999,88423.56739286888,98895.02347797871
United States,Lower Respiratory Infections,2029,94841.63178281309,89172.12297708812,101310.40495145894
United States,Lower Respiratory Infections,2030,96275.25979717304,89612.80177710572,103584.31447278305
United States,Neonatal Disorders,2020,10963.564115992851,10147.27854559968,11696.32645784586
United States,Neonatal Disorders,2021,10736.441251502865,9999.079743926686,11484.958676979977
United States,Neonatal Disorders,2022,10509.905660490958,9765.950092002879,11269.623351404358
United States,Neonatal Disorders,2023,10283.370069479059,9573.677352608896,10933.004395813676
United States,Neonatal Disorders,2024,10056.834478467195,9317.474621395937,10775.721387585343
United States,Neonatal Disorders,2025,9829.711613977199,9038.53004443277,10544.292319817745
United States,Neonatal Disorders,2026,9603.176022965297,8892.882743603708,10313.507374406814
United States,Neonatal Disorders,2027,9376.640431953434,8574.356888123804,10093.710967567631
United States,Neonatal Disorders,2028,9150.10484094153,8451.083716247438,9848.511899254525
United States,Neonatal Disorders,2029,8922.981976451543,8218.7162893574,9695.85169456387
United States,Neonatal Disorders,2030,8696.446385439678,7963.464033845591,9412.340981191359
United States,Digestive Diseases,2020,131783.39482705283,131248.6039659804,132349.2364233642
United States,Digestive Diseases,2021,133984.87238936467,133390.30838544338,134623.5096886913
United States,Digestive Diseases,2022,136180.39439624947,135442.66370864006,136921.03779302118
United States,Digestive Diseases,2023,138375.9164031343,137379.05153260668,139398.380078716
United States,Digestive Diseases,2024,140571.4384100191,139292.62390123532,141890.04611569247
United States,Digestive Diseases,2025,142772.915972331,141071.45052238228,144498.60090037764
United States,Digestive Diseases,2026,144968.4379792158,142827.59916321194,147123.98093521086
United States,Digestive Diseases,2027,147163.9599861006,144642.07879504192,149837.85475815466
United States,Digestive Diseases,2028,149359.4819929854,146292.30075393742,152677.3882896294
United States,Digestive Diseases,2029,151560.95955529728,148008.11695577536,155231.10435400013
United States,Digestive Diseases,2030,153756.48156218202,149656.6011712359,158059.49067603404
United States,Diarrheal Diseases,2020,14299.030722946936,12960.585225821125,15596.960977497638
United States,Diarrheal Diseases,2021,14793.25760465583,13437.91764745738,16118.623236907255
United States,Diarrheal Diseases,2022,15286.106537435413,13979.442319739705,16592.113214712597
United States,Diarrheal Diseases,2023,15778.955470214996,14322.991457950837,17076.61753518267
United States,Diarrheal Diseases,2024,16271.80440299457,14895.297210798824,17459.692358115914
United States,Diarrheal Diseases,2025,16766.031284703462,15391.167633682158,18033.29288828797
United States,Diarrheal Diseases,2026,17258.88021748304,16014.924779845993,18580.432289986926
United States,Diarrheal Diseases,2027,17751.729150262618,16392.6357263555,19187.6273432138
United States,Diarrheal Diseases,2028,18244.578083042197,16860.33097985552,19491.836863060606
United States,Diarrheal Diseases,2029,18738.804964751096,17521.89900555204,20121.889344423787
United States,Diarrheal Diseases,2030,19231.653897530665,17863.730604374057,20544.971681467578
United States,Tuberculosis,2020,988.8907911227853,978.1197590243847,999.6117880093773
United States,Tuberculosis,2021,1005.7540851778541,990.23040773517,1019.8144453191582
United States,Tuberculosis,2022,1022.5712386634834,998.7516246120394,1046.401843219231
United States,Tuberculosis,2023,1039.3883921491126,1005.6696509583846,1074.3530490954406
United States,Tuberculosis,2024,1056.2055456347418,1006.5072836188891,1105.4857717593343
United States,Tuberculosis,2025,1073.0688396898108,1010.2132712419669,1138.381849947296
United States,Tuberculosis,2026,1089.88599317544,1007.3360246495082,1170.661819953829
United States,Tuberculosis,2027,1106.7031466610692,1006.7895203197655,1203.2366706129465
United States,Tuberculosis,2028,1123.5203001466982,1005.3999736659865,1238.025765005012
United States,Tuberculosis,2029,1140.3835942017672,1002.360907297002,1277.0062890566246
United States,Tuberculosis,2030,1157.200747687396,995.3034540261804,1315.8757119015258
United States,Cirrhosis and Other Chronic Liver Diseases,2020,69514.88654423656,68958.03360139101,70056.41544433635
United States,Cirrhosis and Other Chronic Liver Diseases,2021,70704.84394391906,70095.95586807662,71291.5107667454
United States,Cirrhosis and Other Chronic Liver Diseases,2022,71891.60117254595,71200.43600422225,72558.48758665344
United States,Cirrhosis and Other Chronic Liver Diseases,2023,73078.35840117285,72382.1546969971,73731.13496962207
United States,Cirrhosis and Other Chronic Liver Diseases,2024,74265.11562979977,73344.70054546854,75104.28817211061
United States,Cirrhosis and Other Chronic Liver Diseases,2025,75455.07302948229,74475.92835498997,76457.41871929418
United States,Cirrhosis and Other Chronic Liver Diseases,2026,76641.83025810917,75374.84552454975,77779.71568991995
United States,Cirrhosis and Other Chronic Liver Diseases,2027,77828.58748673608,76397.92375173405,79164.70326227476
United States,Cirrhosis and Other Chronic Liver Diseases,2028,79015.34471536298,77282.73990589309,80662.28283845907
United States,Cirrhosis and Other Chronic Liver Diseases,2029,80205.3021150455,78268.67344956052,82108.48774632675
United States,Cirrhosis and Other Chronic Liver Diseases,2030,81392.05934367236,79257.33756434853,83562.21438623953
United States,Road Injuries,2020,39237.052209234236,37163.71555416027,41144.287495187345
United States,Road Injuries,2021,38773.94089659356,36815.56716870167,40738.44428658615
United States,Road Injuries,2022,38312.11268594826,36188.456653333,40217.34086718596
United States,Road Injuries,2023,37850.28447530296,35931.81909295117,39843.045191186335
United States,Road Injuries,2024,37388.45626465776,35310.59914524419,39340.300576227164
United States,Road Injuries,2025,36925.344952017076,34890.51130348824,38950.84456153065
United States,Road Injuries,2026,36463.51674137177,34533.53091543851,38495.79577351889
United States,Road Injuries,2027,36001.68853072658,34102.1400193531,37890.079183422036
United States,Road Injuries,2028,35539.86032008127,33560.8978044761,37570.601998658945
United States,Road Injuries,2029,35076.74900744059,32977.228290078056,37262.466813798645
United States,Road Injuries,2030,34614.92079679525,32504.562345522274,36692.22372201072
Germany,Cardiovascular Diseases,2020,368890.5838012047,366201.7065492328,371692.89523687586
Germany,Cardiovascular Diseases,2021,374508.4692697022,371568.91019692464,377457.5037057343
Germany,Cardiovascular Diseases,2022,380110.8270957412,375890.4295409955,384166.24599958234
Germany,Cardiovascular Diseases,2023,385713.18492178,380052.89697486226,390939.3438422175
Germany,Cardiovascular Diseases,2024,391315.54274781886,384451.66681381763,398231.83914621465
Germany,Cardiovascular Diseases,2025,396933.4282163165,388244.23145836126,405892.71054408076
Germany,Cardiovascular Diseases,2026,402535.7860423554,391107.88921016525,413743.94214532315
Germany,Cardiovascular Diseases,2027,408138.14386839425,394369.34927416395,421534.0037061131
Germany,Cardiovascular Diseases,2028,413740.5016944331,397430.80657283904,429703.0761216474
Germany,Cardiovascular Diseases,2029,419358.38716293074,399546.2359278616,437998.11044832185
Germany,Cardiovascular Diseases,2030,424960.7449889696,402145.2207237068,446847.5504828585
Germany,Neoplasms,2020,264382.7198179762,258661.04262763594,270037.3896557893
Germany,Neoplasms,2021,264704.954379966,259228.26561681193,269899.9506213252
Germany,Neoplasms,2022,265026.6902840663,259505.9499241761,270674.5050136962
Germany,Neoplasms,2023,265348.4261881663,259465.5399928339,270250.7424221382
Germany,Neoplasms,2024,265670.16209226626,259577.1670424745,271500.5148929181
Germany,Neoplasms,2025,265992.396654256,260025.3491197396,271709.23156286514
Germany,Neoplasms,2026,266314.1325583559,259737.45062796658,272323.2873125206
Germany,Neoplasms,2027,266635.86846245587,259899.96693824235,273783.56874643767
Germany,Neoplasms,2028,266957.6043665558,259780.02765173014,274002.7519373359
Germany,Neoplasms,2029,267279.83892854565,259436.00773514065,275402.22967607615
Germany,Neoplasms,2030,267601.57483264594,259240.34332927532,276144.3979786822
Germany,Chronic Respiratory Diseases,2020,47700.47970677561,47087.99613484451,48290.31148741151
Germany,Chronic Respiratory Diseases,2021,48799.97488567304,48178.140011065574,49444.35659701986
Germany,Chronic Respiratory Diseases,2022,49896.42214118313,49154.24892674271,50592.33808365372
Germany,Chronic Respiratory Diseases,2023,50992.86939669328,50241.18262591703,51817.85140483992
Germany,Chronic Respiratory Diseases,2024,52089.316652203386,51103.24680514427,53066.214640869635
Germany,Chronic Respiratory Diseases,2025,53188.81183110087,52012.90727938353,54441.01978811273
Germany,Chronic Respiratory Diseases,2026,54285.259086611004,52836.35527839412,55661.73545693605
Germany,Chronic Respiratory Diseases,2027,55381.70634212112,53692.574305259,57134.10610708596
Germany,Chronic Respiratory Diseases,2028,56478.153597631266,54391.76364979749,58546.75784015839
Germany,Chronic Respiratory Diseases,2029,57577.64877652875,55210.8358562132,59873.48396890333
Germany,Chronic Respiratory Diseases,2030,58674.09603203879,55918.78131765457,61512.82044383409
Germany,Lower Respiratory Infections,2020,25156.896109409245,24804.050979163,25493.69017005829
Germany,Lower Respiratory Infections,2021,25539.393207479887,25194.148110475053,25886.60141113183
Germany,Lower Respiratory Infections,2022,25920.841874427726,25575.728960209824,26256.635249688
Germany,Lower Respiratory Infections,2023,26302.290541375543,25932.254518524463,26671.72901485223
Germany,Lower Respiratory Infections,2024,26683.739208323364,26306.535365386142,27092.489408831992
Germany,Lower Respiratory Infections,2025,27066.23630639401,26616.144926327597,27487.990843422358
Germany,Lower Respiratory Infections,2026,27447.684973341824,26978.732121565172,27898.504570235524
Germany,Lower Respiratory Infections,2027,27829.13364028964,27257.82532030124,28351.07616534738
Germany,Lower Respiratory Infections,2028,28210.58230723746,27625.858209141872,28809.848876848933
Germany,Lower Respiratory Infections,2029,28593.079405308108,27923.17474645638,29186.515187108856
Germany,Lower Respiratory Infections,2030,28974.528072255947,28196.903334058516,29730.407920747046
Germany,Neonatal Disorders,2020,1065.7420612177914,953.0286166662717,1175.2383397646333
Germany,Neonatal Disorders,2021,1043.0686499111137,940.1413766494217,1149.9861616465457
Germany,Neonatal Disorders,2022,1020.4581930687626,911.6523569500613,1131.1122918884425
Germany,Neonatal Disorders,2023,997.8477362264098,886.1668377313629,1096.5858482365768
Germany,Neonatal Disorders,2024,975.2372793840547,871.822770894342,1076.8122594446752
Germany,Neonatal Disorders,2025,952.5638680773787,838.486347017111,1066.2819431543353
Germany,Neonatal Disorders,2026,929.9534112350259,816.4445074176882,1044.8611222126985
Germany,Neonatal Disorders,2027,907.3429543926709,782.3342417114019,1020.952352235047
Germany,Neonatal Disorders,2028,884.7324975503179,763.307249504821,999.8234778709931
Germany,Neonatal Disorders,2029,862.0590862436421,739.6799849291046,984.0417892312878
Germany,Neonatal Disorders,2030,839.4486294012892,710.1379893777865,963.0557635410221
Germany,Digestive Diseases,2020,48870.26528753722,48642.7293025893,49112.377741057935
Germany,Digestive Diseases,2021,49342.313133784,49061.27277172197,49616.933149262695
Germany,Digestive Diseases,2022,49813.04653228632,49427.62508986651,50192.957191825466
Germany,Digestive Diseases,2023,50283.77993078862,49752.607883389115,50801.17302347847
Germany,Digestive Diseases,2024,50754.5133292909,50047.960078104916,51472.48844221825
Germany,Digestive Diseases,2025,51226.5611755377,50325.91511823588,52143.763446920486
Germany,Digestive Diseases,2026,51697.29457404,50598.88812293704,52819.868317024724
Germany,Digestive Diseases,2027,52168.027972542295,50762.48108134001,53499.06596172444
Germany,Digestive Diseases,2028,52638.7613710446,51004.37724447593,54301.51328192898
Germany,Digestive Diseases,2029,53110.80921729138,51240.499341786315,55114.20684409475
Germany,Digestive Diseases,2030,53581.54261579368,51463.56160166051,55909.087920491686
Germany,Diarrheal Diseases,2020,5021.558931882073,4377.079231813022,5695.158227899765
Germany,Diarrheal Diseases,2021,5202.41803097464,4543.558730032127,5873.206980426006
Germany,Diarrheal Diseases,2022,5382.752226870115,4754.1166991758855,6046.172509155508
Germany,Diarrheal Diseases,2023,5563.086422765584,4943.085142428297,6245.615059401448
Germany,Diarrheal Diseases,2024,5743.420618661046,5105.1624612245305,6404.774163885447
Germany,Diarrheal Diseases,2025,5924.279717753621,5250.477042776257,6593.8602786597
Germany,Diarrheal Diseases,2026,6104.61391364909,5436.519659913039,6805.548028720648
Germany,Diarrheal Diseases,2027,6284.948109544553,5616.438825079754,6904.283095814151
Germany,Diarrheal Diseases,2028,6465.282305440021,5823.472382795257,7089.482651536833
Germany,Diarrheal Diseases,2029,6646.141404532597,5962.675965273936,7354.290167953582
Germany,Diarrheal Diseases,2030,6826.475600428064,6226.097625037776,7427.555772916445
Germany,Tuberculosis,2020,83.1371243748782,-147.46674433379093,321.93162040380486
Germany,Tuberculosis,2021,36.09715593447059,-195.53131217761594,266.78444315610597
Germany,Tuberculosis,2022,-10.813630849477594,-228.89139226748352,233.4122105223065
Germany,Tuberculosis,2023,-57.72441763343747,-292.0916128906181,165.89367690575452
Germany,Tuberculosis,2024,-104.6352044173972,-324.5140425798217,123.38194105897072
Germany,Tuberculosis,2025,-151.67517285780613,-375.9004476713396,82.7128294110161
Germany,Tuberculosis,2026,-198.58595964176615,-434.1549673440385,26.765271783376587
Germany,Tuberculosis,2027,-245.4967464257257,-487.37524082334227,-3.619110306222283
Germany,Tuberculosis,2028,-292.40753320968577,-531.3746625889495,-64.49907014833771
Germany,Tuberculosis,2029,-339.44750165009435,-569.5607879352613,-127.91526657395944
Germany,Tuberculosis,2030,-386.3582884340416,-631.5800292418538,-147.66895200357698
Germany,Cirrhosis and Other Chronic Liver Diseases,2020,20637.90454183538,20533.69305636776,20740.3661313103
Germany,Cirrhosis and Other Chronic Liver Diseases,2021,20753.501793813244,20537.15324749126,20963.525745345745
Germany,Cirrhosis and Other Chronic Liver Diseases,2022,20868.76999968144,20521.4331838911,21244.728958383974
Germany,Cirrhosis and Other Chronic Liver Diseases,2023,20984.038205549634,20454.616032929414,21535.773234397773
Germany,Cirrhosis and Other Chronic Liver Diseases,2024,21099.306411417812,20359.397609780903,21873.497829559718
Germany,Cirrhosis and Other Chronic Liver Diseases,2025,21214.903663395686,20230.143510453894,22222.358886679987
Germany,Cirrhosis and Other Chronic Liver Diseases,2026,21330.17186926388,20138.9901078702,22624.20240114229
Germany,Cirrhosis and Other Chronic Liver Diseases,2027,21445.440075132057,20013.790824649655,23020.499517005668
Germany,Cirrhosis and Other Chronic Liver Diseases,2028,21560.708281000254,19822.924399848092,23420.079870571255
Germany,Cirrhosis and Other Chronic Liver Diseases,2029,21676.305532978127,19624.15772572242,23913.858317473125
Germany,Cirrhosis and Other Chronic Liver Diseases,2030,21791.573738846313,19449.323312167344,24410.335757335775
Germany,Road Injuries,2020,4455.655893919205,4417.083646696871,4497.123650885423
Germany,Road Injuries,2021,4479.543119010646,4397.231200397714,4561.364154369603
Germany,Road Injuries,2022,4503.364688359708,4354.082107907482,4653.95686716591
Germany,Road Injuries,2023,4527.1862577087695,4284.603531296703,4756.781923239745
Germany,Road Injuries,2024,4551.007827057829,4191.314822573305,4869.4476879463255
Germany,Road Injuries,2025,4574.895052149272,4108.557941905383,4989.214855511342
Germany,Road Injuries,2026,4598.716621498332,4009.592243065828,5117.293032596403
Germany,Road Injuries,2027,4622.538190847391,3889.8869417633655,5240.267995668518
Germany,Road Injuries,2028,4646.359760196451,3763.677233712536,5399.449069807771
Germany,Road Injuries,2029,4670.246985287896,3655.7471688585115,5567.641010146489
Germany,Road Injuries,2030,4694.068554636958,3524.1779758177004,5734.83959557463
China,Cardiovascular Diseases,2020,4664135.266593612,4619926.976308417,4709309.564026837
China,Cardiovascular Diseases,2021,4754180.58515822,4708558.536415637,4800876.010531917
China,Cardiovascular Diseases,2022,4843978.799312993,4792912.397952936,4894987.961756508
China,Cardiovascular Diseases,2023,4933777.013467765,4877406.235699518,4992052.919452756
China,Cardiovascular Diseases,2024,5023575.227622538,4959320.1202784935,5093726.786228476
China,Cardiovascular Diseases,2025,5113620.546187146,5039738.165095745,5192655.3651825525
China,Cardiovascular Diseases,2026,5203418.760341917,5122456.9969626535,5301833.436097224
China,Cardiovascular Diseases,2027,5293216.974496691,5192624.813207388,5408264.60223046
China,Cardiovascular Diseases,2028,5383015.188651463,5275744.099310437,5511860.179604013
China,Cardiovascular Diseases,2029,5473060.507216072,5344563.0641068015,5619965.141034654
China,Cardiovascular Diseases,2030,5562858.721370844,5407783.234359626,5728093.906594526
China,Neoplasms,2020,2758960.9800838074,2743070.4754553414,2773791.442984092
China,Neoplasms,2021,2821945.05733791,2804893.272620327,2838019.3527945867
China,Neoplasms,2022,2884755.6416108096,2861072.25900465,2906489.139443966
China,Neoplasms,2023,2947566.225883712,2917815.3548915125,2976083.183801602
China,Neoplasms,2024,3010376.8101566113,2973148.972487556,3047405.590987014
China,Neoplasms,2025,3073360.8874107148,3024142.4901236016,3120265.210629049
China,Neoplasms,2026,3136171.4716836167,3073321.0247777337,3196058.64582749
China,Neoplasms,2027,3198982.055956517,3124139.1084851134,3269892.3775555417
China,Neoplasms,2028,3261792.640229417,3171502.495354157,3345095.73448185
China,Neoplasms,2029,3324776.717483522,3216705.4364727978,3424153.098181635
China,Neoplasms,2030,3387587.3017564225,3259998.961266744,3504552.0981332674
China,Chronic Respiratory Diseases,2020,970827.1916246129,941028.7638839268,1005414.1772488602
China,Chronic Respiratory Diseases,2021,952493.2040647924,920338.3497666016,983303.471242118
China,Chronic Respiratory Diseases,2022,934207.5436309665,903573.0611134672,969156.8788037285
China,Chronic Respiratory Diseases,2023,915921.8831971321,882167.7217709648,948136.5488264159
China,Chronic Respiratory Diseases,2024,897636.222763306,863772.5506119535,928919.133203873
China,Chronic Respiratory Diseases,2025,879302.2352034854,845541.4666744671,910615.724217668
China,Chronic Respiratory Diseases,2026,861016.5747696519,828379.194267163,895112.6202498173
China,Chronic Respiratory Diseases,2027,842730.9143358251,808157.1842547496,879115.9188548913
China,Chronic Respiratory Diseases,2028,824445.2539019985,788378.3119895373,862957.3398492754
China,Chronic Respiratory Diseases,2029,806111.2663421709,765346.046080363,844647.3375840932
China,Chronic Respiratory Diseases,2030,787825.6059083444,748042.3394104803,831771.9960677621
China,Lower Respiratory Infections,2020,188985.61643468885,187241.24286247088,190810.0603428363
China,Lower Respiratory Infections,2021,191225.15040712737,186138.87443456918,196382.43680651838
China,Lower Respiratory Infections,2022,193458.67610839193,183718.16596809236,203610.78193975412
China,Lower Respiratory Infections,2023,195692.20180965707,180261.5731613032,211605.47072241062
China,Lower Respiratory Infections,2024,197925.72751092163,175958.05365136123,220047.02893575068
China,Lower Respiratory Infections,2025,200165.26148336017,171129.08053860624,229102.24674131436
China,Lower Respiratory Infections,2026,202398.78718462517,164533.18986144377,240315.973610938
China,Lower Respiratory Infections,2027,204632.3128858899,156395.31330426448,251408.8742340641
China,Lower Respiratory Infections,2028,206865.8385871546,149278.5401367732,263444.7476665939
China,Lower Respiratory Infections,2029,209105.37255959338,142391.37835291718,276669.6987137138
China,Lower Respiratory Infections,2030,211338.89826085808,132896.7561979317,290159.6140005559
China,Neonatal Disorders,2020,44470.030401161996,42274.81379523965,46884.253416040905
China,Neonatal Disorders,2021,40776.538932009506,38008.716726411025,43661.50277045983
China,Neonatal Disorders,2022,37093.30235462402,33687.415322341316,40676.65081226231
China,Neonatal Disorders,2023,33410.06577723836,28719.772356891164,38340.74325392361
China,Neonatal Disorders,2024,29726.82919985286,23376.076514045457,35902.06961206159
China,Neonatal Disorders,2025,26033.337730700332,17488.83698848398,34539.12140615425
China,Neonatal Disorders,2026,22350.101153314667,12105.788837506565,33004.373395946444
China,Neonatal Disorders,2027,18666.864575929187,5796.049903960776,31237.726492941823
China,Neonatal Disorders,2028,14983.627998543727,-246.1139497419658,30519.991645812737
China,Neonatal Disorders,2029,11290.136529390995,-6812.017889527645,29384.550292452626
China,Neonatal Disorders,2030,7606.899952005533,-12941.206697228488,28689.32350233641
China,Digestive Diseases,2020,260352.19330736122,253689.83289852645,267605.4302303296
China,Digestive Diseases,2021,257386.92295982788,250353.3448426211,264668.1490636772
China,Digestive Diseases,2022,254429.60893471955,247254.81238378907,261705.73131527085
China,Digestive Diseases,2023,251472.29490960995,243934.41984438954,258521.05066262026
China,Digestive Diseases,2024,248514.98088450162,241156.6473195858,254818.90150783007
China,Digestive Diseases,2025,245549.71053696825,237939.16814910204,252827.34126838815
China,Digestive Diseases,2026,242592.39651185877,234894.71126746986,250128.20393979788
China,Digestive Diseases,2027,239635.08248675033,231176.2032304944,247790.05484485163
China,Digestive Diseases,2028,236677.76846164186,228503.90077272625,244805.67955585575
China,Digestive Diseases,2029,233712.49811410747,224551.2638197753,241982.77804657337
China,Digestive Diseases,2030,230755.18408899906,221820.88181202946,239649.19710633808
China,Diarrheal Diseases,2020,-14926.667099467002,-25378.594896057897,-4354.039892799788
China,Diarrheal Diseases,2021,-17798.783055992357,-28645.296140236955,-6705.7837929338675
China,Diarrheal Diseases,2022,-20663.843066395348,-31561.80229124718,-9872.91219902344
China,Diarrheal Diseases,2023,-23528.903076799732,-33969.22261712829,-12883.004256605509
China,Diarrheal Diseases,2024,-26393.963087202716,-37149.81072838583,-14850.90674644572
China,Diarrheal Diseases,2025,-29266.079043728096,-40564.785679439985,-18881.875872441535
China,Diarrheal Diseases,2026,-32131.13905413184,-43159.9081753616,-21277.72425817761
China,Diarrheal Diseases,2027,-34996.19906453548,-45029.75399287849,-24640.139359761943
China,Diarrheal Diseases,2028,-37861.25907493909,-47685.950061739735,-27161.34533044428
China,Diarrheal Diseases,2029,-40733.37503146459,-52173.40193272813,-30468.034746841462
China,Diarrheal Diseases,2030,-43598.4350418682,-53862.643771951414,-32434.257141069258
China,Tuberculosis,2020,30790.734673930918,26623.71043171309,34809.575453144724
China,Tuberculosis,2021,28430.30346154103,24590.790061008134,32339.273959502196
China,Tuberculosis,2022,26076.330536127694,22045.52308140934,29925.442589784252
China,Tuberculosis,2023,23722.35761071424,19494.152586692708,27892.77650714706
China,Tuberculosis,2024,21368.384685300905,16868.817111181652,25874.931579278895
China,Tuberculosis,2025,19007.953472911,14093.783096470255,23413.66642002819
China,Tuberculosis,2026,16653.98054749762,11625.257559349038,21236.438237708393
China,Tuberculosis,2027,14300.007622084206,8734.433019764147,19858.054728128933
China,Tuberculosis,2028,11946.03469667081,6346.649330309557,18083.441038825444
China,Tuberculosis,2029,9585.60348428092,3023.8812048727054,16648.177654120755
China,Tuberculosis,2030,7231.630558867528,375.4248064248424,14816.262491519743
China,Cirrhosis and Other Chronic Liver Diseases,2020,140925.61973930214,137080.5524918848,144980.03311874147
China,Cirrhosis and Other Chronic Liver Diseases,2021,138700.22808678073,134734.63538581875,142957.8038124849
China,Cirrhosis and Other Chronic Liver Diseases,2022,136480.7550277149,132678.76258923346,140680.84911667934
China,Cirrhosis and Other Chronic Liver Diseases,2023,134261.2819686485,130165.6360723549,138324.18215612223
China,Cirrhosis and Other Chronic Liver Diseases,2024,132041.80890958267,127888.1425131505,135726.1427863644
China,Cirrhosis and Other Chronic Liver Diseases,2025,129816.41725706126,125679.19186434272,134378.72287219367
China,Cirrhosis and Other Chronic Liver Diseases,2026,127596.94419799493,123089.60632932269,132251.12906194912
China,Cirrhosis and Other Chronic Liver Diseases,2027,125377.47113892899,120712.65360031926,130034.82327358612
China,Cirrhosis and Other Chronic Liver Diseases,2028,123157.99807986306,117950.50102350464,128255.62645902451
China,Cirrhosis and Other Chronic Liver Diseases,2029,120932.60642734125,115480.21297228118,126381.11587280474
China,Cirrhosis and Other Chronic Liver Diseases,2030,118713.1333682753,113161.78081383528,124620.90905558152
China,Road Injuries,2020,243005.1721331837,233893.56460227218,252362.1483143116
China,Road Injuries,2021,236185.06419795562,226153.00276060883,245161.4312872031
China,Road Injuries,2022,229383.40068892736,219328.96347166706,239106.51816287017
China,Road Injuries,2023,222581.73717990037,212328.2415596919,232417.60041129973
China,Road Injuries,2024,215780.07367087214,204755.92557884695,226953.02538776348
China,Road Injuries,2025,208959.96573564401,196381.24592452522,221537.06714409217
China,Road Injuries,2026,202158.30222661703,188391.76768662373,216482.64405220668
China,Road Injuries,2027,195356.6387175888,180446.36614200546,211164.8436253008
China,Road Injuries,2028,188554.97520856062,170671.58712511216,205817.75532615048
China,Road Injuries,2029,181734.86727333372,161194.97171236595,202276.2788426105
China,Road Injuries,2030,174933.20376430554,153086.00753335623,198485.64998851667
Brazil,Cardiovascular Diseases,2020,398878.66237505624,396386.243880172,401339.6598947245
Brazil,Cardiovascular Diseases,2021,405218.2750742722,402784.4597895684,407615.88138119405
Brazil,Cardiovascular Diseases,2022,411540.5457784038,408957.52843449166,414211.3002945964
Brazil,Cardiovascular Diseases,2023,417862.81648253516,415210.8177079069,420586.5009229957
Brazil,Cardiovascular Diseases,2024,424185.08718666644,421251.7925981076,426934.77859844203
Brazil,Cardiovascular Diseases,2025,430524.6998858825,427157.58780729776,433944.2850854907
Brazil,Cardiovascular Diseases,2026,436846.9705900136,433331.6845629686,440533.09637814877
Brazil,Cardiovascular Diseases,2027,443169.241294145,439062.3146427253,447293.72586772154
Brazil,Cardiovascular Diseases,2028,449491.5119982763,445317.1568129363,454061.62510033103
Brazil,Cardiovascular Diseases,2029,455831.1246974924,450733.20619717037,460974.5057372645
Brazil,Cardiovascular Diseases,2030,462153.3954016239,456668.4468986068,467540.32856448705
Brazil,Neoplasms,2020,270288.0568886757,269308.64040563337,271213.1033370823
Brazil,Neoplasms,2021,275904.8658515826,275001.2147972129,276871.94140116055
Brazil,Neoplasms,2022,281506.39088152087,280389.8125829025,282525.82135665795
Brazil,Neoplasms,2023,287107.9159114591,285981.7585944744,288234.21649063216
Brazil,Neoplasms,2024,292709.4409413973,291376.5190212729,294053.5447100385
Brazil,Neoplasms,2025,298326.2499043043,296851.89610582386,299910.78798706736
Brazil,Neoplasms,2026,303927.7749342425,302071.0943680413,305864.9171690505
Brazil,Neoplasms,2027,309529.2999641807,307290.63870671956,311619.1389211458
Brazil,Neoplasms,2028,315130.8249941188,312497.3774453159,317697.9074419556
Brazil,Neoplasms,2029,320747.63395702577,317698.6475606032,323656.2279553527
Brazil,Neoplasms,2030,326349.15898696403,323175.1504718392,329416.2257295233
Brazil,Chronic Respiratory Diseases,2020,77035.88528505711,76636.07036235582,77478.17874896053
Brazil,Chronic Respiratory Diseases,2021,78695.95399370258,78165.83465235149,79256.09835003047
Brazil,Chronic Respiratory Diseases,2022,80351.48324882703,79632.07499729733,81095.55635315558
Brazil,Chronic Respiratory Diseases,2023,82007.0125039514,80947.71317554761,83153.588038426
Brazil,Chronic Respiratory Diseases,2024,83662.54175907577,82167.40159883849,85197.34032217572
Brazil,Chronic Respiratory Diseases,2025,85322.61046772124,83371.06816441755,87248.06739169624
Brazil,Chronic Respiratory Diseases,2026,86978.1397228455,84481.57262104118,89401.31969138882
Brazil,Chronic Respiratory Diseases,2027,88633.6689779699,85656.54551719615,91551.43101229498
Brazil,Chronic Respiratory Diseases,2028,90289.19823309426,86625.9773758427,93791.57000810282
Brazil,Chronic Respiratory Diseases,2029,91949.26694173973,87752.23414168504,96070.76016697088
Brazil,Chronic Respiratory Diseases,2030,93604.79619686415,88798.19210042125,98404.32829785538
Brazil,Lower Respiratory Infections,2020,92854.60951031261,91970.27231559987,93779.47192257123
Brazil,Lower Respiratory Infections,2021,95070.44834816697,94098.66144964175,96021.85409896306
Brazil,Lower Respiratory Infections,2022,97280.3550783935,96069.86908837438,98422.68844021749
Brazil,Lower Respiratory Infections,2023,99490.26180862015,97973.14457871456,100963.36731299388
Brazil,Lower Respiratory Infections,2024,101700.16853884679,99776.49919760792,103483.82268875118
Brazil,Lower Respiratory Infections,2025,103916.00737670116,101624.00511843924,106155.9388649856
Brazil,Lower Respiratory Infections,2026,106125.91410692804,103147.77678944728,108806.96170464263
Brazil,Lower Respiratory Infections,2027,108335.82083715471,104743.49879248081,111749.32726436395
Brazil,Lower Respiratory Infections,2028,110545.72756738134,106327.56040943097,114693.22023618578
Brazil,Lower Respiratory Infections,2029,112761.5664052357,107874.60724161609,117665.04015115129
Brazil,Lower Respiratory Infections,2030,114971.47313546222,109531.07735584232,120381.50740334425
Brazil,Neonatal Disorders,2020,27037.09011910127,26824.295601198814,27244.117474731083
Brazil,Neonatal Disorders,2021,24945.16000988739,24512.0420292371,25374.566335943404
Brazil,Neonatal Disorders,2022,22858.915605339345,22078.79632797349,23672.064117373106
Brazil,Neonatal Disorders,2023,20772.671200791305,19562.83673515789,22008.781605152417
Brazil,Neonatal Disorders,2024,18686.426796243253,16884.85894286021,20516.47634241228
Brazil,Neonatal Disorders,2025,16594.496687029354,14102.023964818012,19004.206820442083
Brazil,Neonatal Disorders,2026,14508.252282481173,11302.405973410707,17580.481538513708
Brazil,Neonatal Disorders,2027,12422.007877933114,8500.189796897586,16248.953929688701
Brazil,Neonatal Disorders,2028,10335.763473385074,5773.553088795303,14933.743838015655
Brazil,Neonatal Disorders,2029,8243.833364171174,2881.3447576017725,13654.74541673674
Brazil,Neonatal Disorders,2030,6157.588959623158,-84.87498074515455,12523.105156337982
Brazil,Digestive Diseases,2020,79356.3979581377,79007.48793473082,79685.69637582374
Brazil,Digestive Diseases,2021,80647.65447186182,80246.55547448789,81013.52174489056
Brazil,Digestive Diseases,2022,81935.40687895691,81484.6132524613,82345.09273619243
Brazil,Digestive Diseases,2023,83223.15928605202,82651.68997294063,83721.06506531544
Brazil,Digestive Diseases,2024,84510.91169314709,83846.86033173128,85148.16818523563
Brazil,Digestive Diseases,2025,85802.16820687121,84991.7691830243,86556.03377463785
Brazil,Digestive Diseases,2026,87089.92061396626,86083.39400321961,88006.76996122027
Brazil,Digestive Diseases,2027,88377.67302106136,87185.84283418366,89489.40236504935
Brazil,Digestive Diseases,2028,89665.42542815646,88224.68015327363,90984.6548683868
Brazil,Digestive Diseases,2029,90956.68194188057,89375.87808695385,92558.91981682577
Brazil,Digestive Diseases,2030,92244.43434897564,90483.39541777733,94040.90350809103
Brazil,Diarrheal Diseases,2020,7263.289926561973,7150.572917083636,7390.657309413533
Brazil,Diarrheal Diseases,2021,7147.487560018648,6838.356180335912,7464.284182530331
Brazil,Diarrheal Diseases,2022,7032.012917376068,6415.879733842706,7604.766220144456
Brazil,Diarrheal Diseases,2023,6916.538274733494,5920.007930503757,7809.573270650099
Brazil,Diarrheal Diseases,2024,6801.063632090919,5445.141096207343,8045.480699941684
Brazil,Diarrheal Diseases,2025,6685.261265547595,4890.070643592282,8377.998926173274
Brazil,Diarrheal Diseases,2026,6569.786622904968,4315.193453802452,8689.623509837322
Brazil,Diarrheal Diseases,2027,6454.311980262394,3758.4028436100148,9080.285530660507
Brazil,Diarrheal Diseases,2028,6338.837337619821,3116.082599515933,9520.787369211252
Brazil,Diarrheal Diseases,2029,6223.034971076496,2424.147928054519,9910.878797320851
Brazil,Diarrheal Diseases,2030,6107.560328433916,1786.664684893399,10365.504612513005
Brazil,Tuberculosis,2020,5360.978495178895,5309.664827713873,5409.567469238396
Brazil,Tuberculosis,2021,5268.340157396624,5205.971903887816,5328.179685462588
Brazil,Tuberculosis,2022,5175.958020424736,5097.343466951251,5256.057956727428
Brazil,Tuberculosis,2023,5083.575883452844,4971.5550942181535,5192.8334238349435
Brazil,Tuberculosis,2024,4991.193746480952,4853.308038851227,5138.19432116916
Brazil,Tuberculosis,2025,4898.5554086986795,4716.4123837852685,5092.766642945996
Brazil,Tuberculosis,2026,4806.173271726796,4589.451312229978,5044.3774256444285
Brazil,Tuberculosis,2027,4713.791134754903,4436.12449639378,5014.865602000709
Brazil,Tuberculosis,2028,4621.408997783012,4275.673338917654,4981.9433106882925
Brazil,Tuberculosis,2029,4528.770660000739,4128.010579834719,4954.241318725618
Brazil,Tuberculosis,2030,4436.388523028852,3984.10375444295,4946.666938883961
Brazil,Cirrhosis and Other Chronic Liver Diseases,2020,38020.23642878516,37774.89901506505,38294.19920724118
Brazil,Cirrhosis and Other Chronic Liver Diseases,2021,38423.07097070201,38149.45584211596,38681.68300005279
Brazil,Cirrhosis and Other Chronic Liver Diseases,2022,38824.81327658004,38568.22431958409,39092.59780821596
Brazil,Cirrhosis and Other Chronic Liver Diseases,2023,39226.55558245806,38950.467229924245,39510.34479320886
Brazil,Cirrhosis and Other Chronic Liver Diseases,2024,39628.29788833608,39318.50177675178,39921.56898298392
Brazil,Cirrhosis and Other Chronic Liver Diseases,2025,40031.132430252925,39727.48984471594,40365.46652931793
Brazil,Cirrhosis and Other Chronic Liver Diseases,2026,40432.874736130914,40053.14348400688,40801.081018685065
Brazil,Cirrhosis and Other Chronic Liver Diseases,2027,40834.61704200893,40446.41868451881,41248.634327164684
Brazil,Cirrhosis and Other Chronic Liver Diseases,2028,41236.35934788695,40785.32037917776,41660.007506860034
Brazil,Cirrhosis and Other Chronic Liver Diseases,2029,41639.1938898038,41156.125718819916,42129.667536957306
Brazil,Cirrhosis and Other Chronic Liver Diseases,2030,42040.936195681825,41497.711138608945,42586.02134012129
Brazil,Road Injuries,2020,47751.534557235354,46093.0130345264,49275.320644477244
Brazil,Road Injuries,2021,47935.4343866321,46115.61675932425,49647.83765165129
Brazil,Road Injuries,2022,48118.79286565704,46397.24238654295,49821.606956278876
Brazil,Road Injuries,2023,48302.151344682214,46555.79094964173,50116.638914492774
Brazil,Road Injuries,2024,48485.50982370739,46652.15281064097,50092.179737516475
Brazil,Road Injuries,2025,48669.409653104136,46934.017395776056,50309.99213408811
Brazil,Road Injuries,2026,48852.76813212895,47208.116054097205,50626.48834079096
Brazil,Road Injuries,2027,49036.12661115412,47241.51427837294,50816.121025413035
Brazil,Road Injuries,2028,49219.48509017929,47517.3654155131,50928.26901203933
Brazil,Road Injuries,2029,49403.384919576034,47732.93945807491,51245.28392751124
Brazil,Road Injuries,2030,49586.74339860098,47839.95084691092,51294.538298433705
India,Cardiovascular Diseases,2020,2614928.01837276,2577406.118739153,2652344.2561758226
India,Cardiovascular Diseases,2021,2678230.604131459,2644551.8658100734,2717143.9249314363
India,Cardiovascular Diseases,2022,2741359.8261984345,2704795.549823294,2778620.079781313
India,Cardiovascular Diseases,2023,2804489.0482654097,2765011.3569247336,2845463.328071947
India,Cardiovascular Diseases,2024,2867618.2703323853,2827361.6368427854,2904073.79526887
India,Cardiovascular Diseases,2025,2930920.856091085,2888269.4903167076,2972432.4704104513
India,Cardiovascular Diseases,2026,2994050.07815806,2948497.1410534116,3035631.4254629863
India,Cardiovascular Diseases,2027,3057179.3002250353,3009205.340757835,3100232.485527635
India,Cardiovascular Diseases,2028,3120308.52229201,3069799.9719136604,3168625.9962066077
India,Cardiovascular Diseases,2029,3183611.10805071,3127657.2865999513,3236795.3193437885
India,Cardiovascular Diseases,2030,3246740.330117685,3183771.246471825,3308001.390598694
India,Neoplasms,2020,959284.2393297071,951936.754699454,967287.4039504987
India,Neoplasms,2021,991067.4322702624,983181.2371531442,998664.4747792758
India,Neoplasms,2022,1022763.8363611219,1013850.2671304189,1031290.9330876924
India,Neoplasms,2023,1054460.2404519808,1044218.4378725749,1064261.747421858
India,Neoplasms,2024,1086156.6445428403,1073986.5390254764,1096825.505992189
India,Neoplasms,2025,1117939.8374833958,1103724.5863929251,1131046.1244470875
India,Neoplasms,2026,1149636.241574255,1132702.2432379017,1166065.263978565
India,Neoplasms,2027,1181332.6456651143,1161331.9416038143,1199484.7288657587
India,Neoplasms,2028,1213029.0497559733,1190802.7910254989,1234232.935761859
India,Neoplasms,2029,1244812.2426965288,1219117.3717717023,1269462.279223583
India,Neoplasms,2030,1276508.6467873883,1248009.4148561782,1305016.610727329
India,Chronic Respiratory Diseases,2020,1182541.4257153685,1162239.2039805525,1202788.8686083935
India,Chronic Respiratory Diseases,2021,1208123.6013629474,1186403.2076841975,1228679.56033605
India,Chronic Respiratory Diseases,2022,1233635.4457022569,1213008.2368751648,1255093.5717355625
India,Chronic Respiratory Diseases,2023,1259147.290041568,1236686.7247630798,1280830.8530996542
India,Chronic Respiratory Diseases,2024,1284659.1343808775,1262190.9824630255,1304770.4741919085
India,Chronic Respiratory Diseases,2025,1310241.3100284566,1288320.5561375187,1330906.79206366
India,Chronic Respiratory Diseases,2026,1335753.1543677659,1312267.7089319902,1360474.776481026
India,Chronic Respiratory Diseases,2027,1361264.9987070756,1338701.6113947588,1384495.3953178523
India,Chronic Respiratory Diseases,2028,1386776.8430463849,1361578.5743294365,1411079.7788986904
India,Chronic Respiratory Diseases,2029,1412359.018693964,1386172.9711399153,1438043.259201154
India,Chronic Respiratory Diseases,2030,1437870.8630332733,1410861.1333126822,1464551.6282544527
India,Lower Respiratory Infections,2020,418025.3138335144,410391.7113264501,426266.1698205023
India,Lower Respiratory Infections,2021,410234.51793678454,403114.3498312233,417847.4992091917
India,Lower Respiratory Infections,2022,402464.5363860855,394217.1675176471,410104.55072734016
India,Lower Respiratory Infections,2023,394694.55483538733,386747.9858199515,402431.1688207803
India,Lower Respiratory Infections,2024,386924.5732846883,379069.1299805123,394831.021709603
India,Lower Respiratory Infections,2025,379133.77738795837,371328.732820107,386888.4461418702
India,Lower Respiratory Infections,2026,371363.79583725944,363572.6310325774,379443.73459380504
India,Lower Respiratory Infections,2027,363593.81428656046,355311.72240771743,371152.17941724433
India,Lower Respiratory Infections,2028,355823.8327358615,347698.8324054063,364148.20382003
India,Lower Respiratory Infections,2029,348033.03683913156,339307.82800034946,356993.40959717444
India,Lower Respiratory Infections,2030,340263.0552884326,330254.80013321486,349229.06840604474
India,Neonatal Disorders,2020,400500.7883231955,395902.7613705074,405311.8135549559
India,Neonatal Disorders,2021,371481.57514788985,366834.4388205203,376646.0606867972
India,Neonatal Disorders,2022,342541.8143829126,336076.9041363762,349068.42480967706
India,Neonatal Disorders,2023,313602.05361793615,305112.2129821118,321712.2008706687
India,Neonatal Disorders,2024,284662.29285295866,273978.2983299907,294339.76307185285
India,Neonatal Disorders,2025,255643.0796776529,241266.45576893247,268208.1074532795
India,Neonatal Disorders,2026,226703.3189126758,209327.29147481755,242934.42286196272
India,Neonatal Disorders,2027,197763.5581476985,176524.40276618864,216456.265259655
India,Neonatal Disorders,2028,168823.7973827212,142754.71018402095,191573.50272667728
India,Neonatal Disorders,2029,139804.58420741544,111146.52729874477,166968.49712047903
India,Neonatal Disorders,2030,110864.82344243834,76595.81372723085,142997.53842819703
India,Digestive Diseases,2020,462176.31474506366,454478.4784681579,469413.85835302464
India,Digestive Diseases,2021,467017.59723803494,459227.1975740579,474757.0891443196
India,Digestive Diseases,2022,471845.598379202,463762.3514221238,478866.08427442063
India,Digestive Diseases,2023,476673.5995203683,468132.65159340075,484488.42407332885
India,Digestive Diseases,2024,481501.60066153546,473339.09807322145,489446.82410699746
India,Digestive Diseases,2025,486342.8831545067,478262.7293446736,494392.4475680322
India,Digestive Diseases,2026,491170.8842956738,482553.8340178019,498978.5175074753
India,Digestive Diseases,2027,495998.8854368408,487408.1051678144,504517.79140193533
India,Digestive Diseases,2028,500826.88657800795,492351.5043035797,509931.86851190485
India,Digestive Diseases,2029,505668.1690709792,495995.9600802091,514643.4653904248
India,Digestive Diseases,2030,510496.17021214624,500153.7593892964,519460.89728286833
India,Diarrheal Diseases,2020,609962.4671892589,592324.2081898907,627562.7146793505
India,Diarrheal Diseases,2021,592707.3054708386,575084.9267578049,610736.3789886994
India,Diarrheal Diseases,2022,575497.2332006416,557985.1824195113,592859.0411813989
India,Diarrheal Diseases,2023,558287.1609304444,539302.5561364725,576682.3730149553
India,Diarrheal Diseases,2024,541077.0886602474,522625.31012392463,557344.3652565929
India,Diarrheal Diseases,2025,523821.92694182694,504575.28903370653,542126.2972312118
India,Diarrheal Diseases,2026,506611.85467163,489190.4939561796,525667.784161941
India,Diarrheal Diseases,2027,489401.7824014337,472151.18313469086,508739.21546762966
India,Diarrheal Diseases,2028,472191.71013123676,452750.7971990039,490516.5027199916
India,Diarrheal Diseases,2029,454936.54841281625,434855.9697106674,473303.8285971296
India,Diarrheal Diseases,2030,437726.47614261927,418313.9029196129,454421.56316917075
India,Tuberculosis,2020,406572.743450136,383970.5213453453,427228.81788062333
India,Tuberculosis,2021,399098.57580411393,376106.5300102537,420144.5152972646
India,Tuberculosis,2022,391643.96147398924,371682.31974239944,411813.96890718234
India,Tuberculosis,2023,384189.34714386665,363704.2615956897,405836.20390585787
India,Tuberculosis,2024,376734.73281374207,354923.34913357155,397480.36468595266
India,Tuberculosis,2025,369260.56516772,349578.8203594699,390837.10307526914
India,Tuberculosis,2026,361805.9508375954,341287.2081780598,382790.81274446833
India,Tuberculosis,2027,354351.33650747087,332500.995615534,376346.0847749662
India,Tuberculosis,2028,346896.72217734635,326424.38594837417,367692.08573547134
India,Tuberculosis,2029,339422.5545313243,317342.3079393297,361219.4340865758
India,Tuberculosis,2030,331967.94020119973,312276.75085007655,354405.29663805215
India,Cirrhosis and Other Chronic Liver Diseases,2020,271625.84718976653,267495.7433284469,275648.4294746519
India,Cirrhosis and Other Chronic Liver Diseases,2021,275082.39301964693,271228.69489936123,279301.75935609674
India,Cirrhosis and Other Chronic Liver Diseases,2022,278529.46380839375,274425.4252904647,282697.0871222385
India,Cirrhosis and Other Chronic Liver Diseases,2023,281976.5345971397,277744.26104617695,286214.02929232066
India,Cirrhosis and Other Chronic Liver Diseases,2024,285423.60538588645,281141.2939168557,289465.7985330644
India,Cirrhosis and Other Chronic Liver Diseases,2025,288880.15121576685,284461.7259179486,292993.04502403655
India,Cirrhosis and Other Chronic Liver Diseases,2026,292327.22200451355,288289.89311561745,296860.1772598226
India,Cirrhosis and Other Chronic Liver Diseases,2027,295774.2927932603,291259.16591409926,300363.8402657163
India,Cirrhosis and Other Chronic Liver Diseases,2028,299221.36358200706,294824.0370208194,303949.8622141465
India,Cirrhosis and Other Chronic Liver Diseases,2029,302677.90941188746,298130.47331300244,307029.6575520526
India,Cirrhosis and Other Chronic Liver Diseases,2030,306124.98020063416,301664.0665138123,310697.9819874048
India,Road Injuries,2020,215938.82033466018,209374.02942843217,222036.61551360696
India,Road Injuries,2021,217513.49578305765,210652.69703366602,224344.12820092856
India,Road Injuries,2022,219083.62802208486,212162.00598068745,225529.24365600018
India,Road Injuries,2023,220653.76026111102,213547.12796788348,227398.21860173042
India,Road Injuries,2024,222223.89250013823,215869.94076649036,228758.28983818786
India,Road Injuries,2025,223798.56794853578,217442.34292631774,230635.81499316497
India,Road Injuries,2026,225368.70018756296,218565.03449091202,232298.71635137012
India,Road Injuries,2027,226938.83242659023,219755.44373021377,234396.27089579005
India,Road Injuries,2028,228508.96466561747,221088.06779217487,234819.80384642247
India,Road Injuries,2029,230083.6401140149,223266.77950162758,236877.126595351
India,Road Injuries,2030,231653.77235304215,224568.38226183932,238486.7470407644
Nigeria,Cardiovascular Diseases,2020,166087.10818527924,165551.02676851096,166581.4547963968
Nigeria,Cardiovascular Diseases,2021,168888.64766616267,167873.95151883984,169867.09100219267
Nigeria,Cardiovascular Diseases,2022,171682.53574300418,169877.6481339639,173563.12834240726
Nigeria,Cardiovascular Diseases,2023,174476.4238198457,171663.83045118963,177414.98527147283
Nigeria,Cardiovascular Diseases,2024,177270.31189668717,173423.13894299767,181341.42863219872
Nigeria,Cardiovascular Diseases,2025,180071.8513775706,174795.34428531138,185391.69912593302
Nigeria,Cardiovascular Diseases,2026,182865.73945441213,176107.2697987195,189596.06936235345
Nigeria,Cardiovascular Diseases,2027,185659.6275312536,177384.07951210058,193789.06699639448
Nigeria,Cardiovascular Diseases,2028,188453.5156080951,178692.55859128985,198347.3164164401
Nigeria,Cardiovascular Diseases,2029,191255.05508897852,179612.90383678273,202696.59726366424
Nigeria,Cardiovascular Diseases,2030,194048.94316582003,180992.99328250083,207482.04808258096
Nigeria,Neoplasms,2020,83293.17101554768,83095.64493112029,83474.44027442875
Nigeria,Neoplasms,2021,85168.36621889523,84526.82429457168,85775.70486701583
Nigeria,Neoplasms,2022,87038.43852097644,85782.73870479414,88208.12610586635
Nigeria,Neoplasms,2023,88908.51082305767,86938.07801541733,90623.18577701681
Nigeria,Neoplasms,2024,90778.58312513889,87990.6887734607,93214.25164140444
Nigeria,Neoplasms,2025,92653.77832848646,89011.66986783946,96028.97896995691
Nigeria,Neoplasms,2026,94523.85063056769,89818.11677099574,98692.2740030387
Nigeria,Neoplasms,2027,96393.9229326489,90743.22733370078,101442.22788831351
Nigeria,Neoplasms,2028,98263.99523473012,91571.22278198368,104429.92048971215
Nigeria,Neoplasms,2029,100139.19043807768,92496.1554368413,107343.39519450543
Nigeria,Neoplasms,2030,102009.26274015891,93242.66994921469,110282.59414780214
Nigeria,Chronic Respiratory Diseases,2020,24574.42525335705,24522.714062729814,24624.30879114932
Nigeria,Chronic Respiratory Diseases,2021,24696.64584015766,24594.276175353552,24786.02877441924
Nigeria,Chronic Respiratory Diseases,2022,24818.53309287507,24631.192490485537,24976.98778314205
Nigeria,Chronic Respiratory Diseases,2023,24940.420345592476,24641.93016660609,25192.443470710416
Nigeria,Chronic Respiratory Diseases,2024,25062.307598309886,24657.18228624426,25434.70957208626
Nigeria,Chronic Respiratory Diseases,2025,25184.528185110496,24653.115216411414,25651.735353210952
Nigeria,Chronic Respiratory Diseases,2026,25306.4154378279,24643.790563881492,25908.54338014282
Nigeria,Chronic Respiratory Diseases,2027,25428.30269054531,24662.41495210161,26169.414000030927
Nigeria,Chronic Respiratory Diseases,2028,25550.189943262718,24618.252779554772,26470.318157471884
Nigeria,Chronic Respiratory Diseases,2029,25672.410530063324,24568.40282039807,26732.531247793475
Nigeria,Chronic Respiratory Diseases,2030,25794.297782780734,24541.711384192102,26999.316205245916
Nigeria,Lower Respiratory Infections,2020,174143.53273034052,171207.96048972584,177199.1957896314
Nigeria,Lower Respiratory Infections,2021,171659.68878269984,168650.1646363961,174670.5812927998
Nigeria,Lower Respiratory Infections,2022,169182.4927119232,165910.58586813897,172569.0100729007
Nigeria,Lower Respiratory Infections,2023,166705.29664114662,162872.1265747524,170294.37623215755
Nigeria,Lower Respiratory Infections,2024,164228.10057037,159674.79607427883,168756.38700520186
Nigeria,Lower Respiratory Infections,2025,161744.2566227294,156377.08555465576,167169.40235566464
Nigeria,Lower Respiratory Infections,2026,159267.06055195277,153109.55331057587,165602.83057895498
Nigeria,Lower Respiratory Infections,2027,156789.86448117616,149322.88645560265,164063.5376951681
Nigeria,Lower Respiratory Infections,2028,154312.66841039955,146223.36756255513,162674.28400942977
Nigeria,Lower Respiratory Infections,2029,151828.82446275893,142453.489870028,161468.31554158253
Nigeria,Lower Respiratory Infections,2030,149351.62839198232,138304.6445114419,160369.68093684275
Nigeria,Neonatal Disorders,2020,194054.22576303734,193596.9756265035,194568.76792802892
Nigeria,Neonatal Disorders,2021,192400.3963518332,191652.33175335173,193252.01414740374
Nigeria,Neonatal Disorders,2022,190751.11188288237,189452.62903339215,192211.1208519928
Nigeria,Neonatal Disorders,2023,189101.82741393155,187006.60844532406,191409.96195451682
Nigeria,Neonatal Disorders,2024,187452.54294498073,184634.13454634935,190701.42330500542
Nigeria,Neonatal Disorders,2025,185798.71353377658,181845.03225742097,190050.44226300495
Nigeria,Neonatal Disorders,2026,184149.42906482576,179211.48841410596,189699.6842086144
Nigeria,Neonatal Disorders,2027,182500.14459587494,176407.9645850679,189377.23963140592
Nigeria,Neonatal Disorders,2028,180850.8601269241,173570.21566356003,188834.48052508812
Nigeria,Neonatal Disorders,2029,179197.03071571997,170660.63206361493,188661.9543486571
Nigeria,Neonatal Disorders,2030,177547.74624676915,167650.61135027668,188324.04972865575
Nigeria,Digestive Diseases,2020,70481.36741523506,70153.9702801406,70783.7216826471
Nigeria,Digestive Diseases,2021,70925.07353295278,70556.9303065634,71326.22452973788
Nigeria,Digestive Diseases,2022,71367.54930509477,70866.63330403304,71915.33496620401
Nigeria,Digestive Diseases,2023,71810.02507723674,71078.17895028312,72569.61436069662
Nigeria,Digestive Diseases,2024,72252.50084937872,71211.41495855838,73267.15076351319
Nigeria,Digestive Diseases,2025,72696.20696709647,71376.00488227102,73994.11137351026
Nigeria,Digestive Diseases,2026,73138.68273923846,71514.40068731525,74850.55481618409
Nigeria,Digestive Diseases,2027,73581.15851138042,71511.38779044936,75705.42872995419
Nigeria,Digestive Diseases,2028,74023.6342835224,71658.0157830525,76489.52672728342
Nigeria,Digestive Diseases,2029,74467.34040124016,71546.22850009147,77308.1190851405
Nigeria,Digestive Diseases,2030,74909.81617338213,71512.5188642408,78364.37996837193
Nigeria,Diarrheal Diseases,2020,179313.1936205065,174639.45806237502,184419.761026484
Nigeria,Diarrheal Diseases,2021,173744.9433149278,169052.8759992898,178660.17683510127
Nigeria,Diarrheal Diseases,2022,168192.01271878384,163056.42592947747,172979.46711363067
Nigeria,Diarrheal Diseases,2023,162639.0821226399,157661.69502596217,167832.3643943648
Nigeria,Diarrheal Diseases,2024,157086.1515264959,151930.12626032962,162564.6376639615
Nigeria,Diarrheal Diseases,2025,151517.90122091724,145896.73694213276,157047.4918453678
Nigeria,Diarrheal Diseases,2026,145964.9706247733,140335.7716171224,151566.0641002459
Nigeria,Diarrheal Diseases,2027,140412.04002862933,134430.99078771437,146274.60198793683
Nigeria,Diarrheal Diseases,2028,134859.10943248536,128439.06376970076,141216.92608709252
Nigeria,Diarrheal Diseases,2029,129290.85912690668,122553.21772297502,136188.03716241676
Nigeria,Diarrheal Diseases,2030,123737.92853076274,116307.69378952487,130760.00340279783
Nigeria,Tuberculosis,2020,46386.45295025263,39858.48806927035,52062.91096800136
Nigeria,Tuberculosis,2021,45571.15163548949,39298.63902781438,51806.56659929031
Nigeria,Tuberculosis,2022,44757.81160091639,38762.04944895607,50865.45487777923
Nigeria,Tuberculosis,2023,43944.47156634328,38201.785396656545,50274.68272606888
Nigeria,Tuberculosis,2024,43131.13153177017,36553.599185927225,48628.10113177199
Nigeria,Tuberculosis,2025,42315.83021700736,36133.91307975666,48286.60439895769
Nigeria,Tuberculosis,2026,41502.49018243425,35280.909668256514,47811.9950142629
Nigeria,Tuberculosis,2027,40689.15014786113,34436.16549100483,46951.17609014869
Nigeria,Tuberculosis,2028,39875.810113288026,33501.49260146825,45793.931677923654
Nigeria,Tuberculosis,2029,39060.50879852522,32859.256937339174,45122.81600479659
Nigeria,Tuberculosis,2030,38247.16876395211,31951.25903903587,44667.47988410084
Nigeria,Cirrhosis and Other Chronic Liver Diseases,2020,40371.29512732246,40068.42508106531,40652.99573811333
Nigeria,Cirrhosis and Other Chronic Liver Diseases,2021,40573.724714089,40277.18183025729,40889.81172970657
Nigeria,Cirrhosis and Other Chronic Liver Diseases,2022,40775.59071911562,40405.740670919804,41134.21594416499
Nigeria,Cirrhosis and Other Chronic Liver Diseases,2023,40977.45672414224,40535.00674510722,41464.90967550411
Nigeria,Cirrhosis and Other Chronic Liver Diseases,2024,41179.32272916885,40620.78955693984,41817.97696324793
Nigeria,Cirrhosis and Other Chronic Liver Diseases,2025,41381.75231593542,40644.66889543084,42115.46371607598
Nigeria,Cirrhosis and Other Chronic Liver Diseases,2026,41583.61832096203,40723.76870422053,42490.87821327034
Nigeria,Cirrhosis and Other Chronic Liver Diseases,2027,41785.48432598864,40790.33062958708,42890.41134772642
Nigeria,Cirrhosis and Other Chronic Liver Diseases,2028,41987.35033101525,40757.51855741484,43272.058695324486
Nigeria,Cirrhosis and Other Chronic Liver Diseases,2029,42189.77991778181,40703.35343666771,43786.8301662017
Nigeria,Cirrhosis and Other Chronic Liver Diseases,2030,42391.64592280843,40706.028785083974,44177.60684595961
Nigeria,Road Injuries,2020,19004.479725263594,18760.101096722807,19259.60331382385
Nigeria,Road Injuries,2021,19070.277395305307,18815.84354845053,19313.332886272863
Nigeria,Road Injuries,2022,19135.892211661943,18889.174869755792,19394.526880591144
Nigeria,Road Injuries,2023,19201.507028018583,18938.011860256862,19466.07944988704
Nigeria,Road Injuries,2024,19267.121844375215,18970.501476999038,19548.361524858487
Nigeria,Road Injuries,2025,19332.91951441693,19023.172586111596,19636.234692495556
Nigeria,Road Injuries,2026,19398.53433077357,19073.771305646947,19726.964932214858
Nigeria,Road Injuries,2027,19464.149147130207,19135.479977089253,19822.318998024268
Nigeria,Road Injuries,2028,19529.763963486846,19132.027236022957,19908.924151857576
Nigeria,Road Injuries,2029,19595.561633528563,19169.238842015995,20045.470703360483
Nigeria,Road Injuries,2030,19661.176449885203,19217.1877690893,20137.337532407455
Australia,Cardiovascular Diseases,2020,51972.39818945489,51582.312964616765,52362.53177737168
Australia,Cardiovascular Diseases,2021,53088.341723786885,52665.00924762087,53544.00509268945
Australia,Cardiovascular Diseases,2022,54201.2554130489,53616.763151839295,54768.85151657861
Australia,Cardiovascular Diseases,2023,55314.16910231089,54535.29889819168,56101.153266590816
Australia,Cardiovascular Diseases,2024,56427.08279157288,55353.790412759176,57421.92664897107
Australia,Cardiovascular Diseases,2025,57543.026325904924,56237.81647329351,58838.22674960945
Australia,Cardiovascular Diseases,2026,58655.940015166925,57022.17647096459,60267.10896213014
Australia,Cardiovascular Diseases,2027,59768.853704428904,57795.128016644274,61741.49024930788
Australia,Cardiovascular Diseases,2028,60881.767393690905,58468.55245024329,63237.57461447982
Australia,Cardiovascular Diseases,2029,61997.71092802292,59251.269404847444,64853.942506350955
Australia,Cardiovascular Diseases,2030,63110.62461728492,59893.15382929126,66390.74023376405
Australia,Neoplasms,2020,54280.33404445387,53997.85492751042,54542.2278213075
Australia,Neoplasms,2021,55435.91599099053,55157.887525094506,55726.6078425216
Australia,Neoplasms,2022,56588.3553307097,56222.72933598013,56917.616369754425
Australia,Neoplasms,2023,57740.79467042885,57273.98158093941,58212.506084977314
Australia,Neoplasms,2024,58893.23401014801,58282.77388117176,59500.11469656539
Australia,Neoplasms,2025,60048.81595668471,59285.27546112911,60813.91474170549
Australia,Neoplasms,2026,61201.255296403855,60229.39951929812,62129.05208246912
Australia,Neoplasms,2027,62353.69463612302,61225.950229284026,63483.106323703374
Australia,Neoplasms,2028,63506.13397584216,62104.92155698396,64868.03098435843
Australia,Neoplasms,2029,64661.715922378855,63069.106761338124,66221.79950287116
Australia,Neoplasms,2030,65814.155262098,63949.46643102552,67614.77519155991
Australia,Chronic Respiratory Diseases,2020,11471.295916478399,11410.110662642404,11533.361356100075
Australia,Chronic Respiratory Diseases,2021,11761.73234873009,11689.49092451874,11836.152997612016
Australia,Chronic Respiratory Diseases,2022,12051.376283102478,11951.591892327877,12148.902681654648
Australia,Chronic Respiratory Diseases,2023,12341.020217474861,12200.511255439618,12479.307370448856
Australia,Chronic Respiratory Diseases,2024,12630.664151847248,12434.669364193214,12820.463248963404
Australia,Chronic Respiratory Diseases,2025,12921.100584098933,12672.921248518225,13175.339434729894
Australia,Chronic Respiratory Diseases,2026,13210.744518471318,12896.624504412355,13523.153241516242
Australia,Chronic Respiratory Diseases,2027,13500.388452843703,13107.930234659036,13880.962132355296
Australia,Chronic Respiratory Diseases,2028,13790.032387216084,13319.385451435275,14237.043322137468
Australia,Chronic Respiratory Diseases,2029,14080.468819467778,13520.983800386053,14607.506944319157
Australia,Chronic Respiratory Diseases,2030,14370.112753840162,13762.154775250634,14985.335004804936
Australia,Lower Respiratory Infections,2020,4045.6402610598357,3781.8922829364124,4303.34655856463
Australia,Lower Respiratory Infections,2021,4118.527893266008,3868.3262093893145,4396.106608999526
Australia,Lower Respiratory Infections,2022,4191.219760383651,3927.648352162742,4452.329097361271
Australia,Lower Respiratory Infections,2023,4263.911627501296,3999.280167758617,4546.757938227142
Australia,Lower Respiratory Infections,2024,4336.603494618939,4075.3631454756583,4615.721832411238
Australia,Lower Respiratory Infections,2025,4409.491126825087,4145.086482693499,4660.992951163563
Australia,Lower Respiratory Infections,2026,4482.18299394273,4240.1025691182385,4759.024679370694
Australia,Lower Respiratory Infections,2027,4554.874861060375,4289.671182472608,4824.407865098049
Australia,Lower Respiratory Infections,2028,4627.566728178018,4352.830606860764,4905.563623058758
Australia,Lower Respiratory Infections,2029,4700.45436038419,4439.338958109277,4961.52545196697
Australia,Lower Respiratory Infections,2030,4773.146227501834,4499.287566369403,5045.347779461443
Australia,Neonatal Disorders,2020,511.37331902703903,479.45174430274744,543.1311139800024
Australia,Neonatal Disorders,2021,503.6933234750222,471.1496349358316,531.8725490982847
Australia,Neonatal Disorders,2022,496.0345511173787,466.99965829292785,528.491262559928
Australia,Neonatal Disorders,2023,488.37577875973494,458.03799786488526,518.3859500211477
Australia,Neonatal Disorders,2024,480.71700640209116,448.9464949615546,513.3042753683774
Australia,Neonatal Disorders,2025,473.0370108500795,439.84301861931147,502.36996751433406
Australia,Neonatal Disorders,2026,465.3782384924361,433.33799042694534,498.75615062271766
Australia,Neonatal Disorders,2027,457.71946613479224,425.22006207000607,493.2785131334463
Australia,Neonatal Disorders,2028,450.0606937771486,415.1742417566743,483.45593430741934
Australia,Neonatal Disorders,2029,442.38069822513205,407.4258762275279,476.86523795788287
Australia,Neonatal Disorders,2030,434.72192586748827,396.11420930500725,470.0809673056567
Australia,Digestive Diseases,2020,6761.78904619628,6725.895660358412,6799.878622476814
Australia,Digestive Diseases,2021,6907.306091412911,6869.787232872342,6947.9268417487465
Australia,Digestive Diseases,2022,7052.426986271933,7007.939318966162,7098.123897493492
Australia,Digestive Diseases,2023,7197.547881130955,7141.7814282017125,7257.928302919713
Australia,Digestive Diseases,2024,7342.668775989977,7270.905969325313,7415.447774319524
Australia,Digestive Diseases,2025,7488.185821206605,7402.552835339901,7581.181436470074
Australia,Digestive Diseases,2026,7633.306716065629,7524.196749047864,7740.479358395481
Australia,Digestive Diseases,2027,7778.427610924651,7654.504881739252,7909.077576533095
Australia,Digestive Diseases,2028,7923.548505783672,7772.085584723921,8084.626057825227
Australia,Digestive Diseases,2029,8069.065551000305,7894.555744481075,8254.949572287473
Australia,Digestive Diseases,2030,8214.186445859326,8004.987689052148,8425.98961018718
Australia,Diarrheal Diseases,2020,252.37587790131948,242.71724579650333,262.81190605760844
Australia,Diarrheal Diseases,2021,260.5338865149145,250.58450884902584,270.92823916249216
Australia,Diarrheal Diseases,2022,268.66926279218154,258.97423279960987,278.35162517584286
Australia,Diarrheal Diseases,2023,276.80463906944857,265.96521920676804,286.791409802357
Australia,Diarrheal Diseases,2024,284.9400153467156,275.17623504419174,295.60840298434033
Australia,Diarrheal Diseases,2025,293.0980239603111,282.67331555238707,303.4532073491897
Australia,Diarrheal Diseases,2026,301.233400237578,290.94138121788825,311.7677440428457
Australia,Diarrheal Diseases,2027,309.368776514845,298.4670925365869,319.61263943953827
Australia,Diarrheal Diseases,2028,317.5041527921121,307.3521052262046,327.9947175854427
Australia,Diarrheal Diseases,2029,325.66216140570714,314.51289331020683,336.4309926326625
Australia,Diarrheal Diseases,2030,333.79753768297417,324.1015649892518,344.95921340926486
Australia,Tuberculosis,2020,95.19585899076404,93.76420966777683,96.80903680015994
Australia,Tuberculosis,2021,97.23300949786459,95.73408358588222,98.82215467353647
Australia,Tuberculosis,2022,99.26459477855057,97.67494741539437,101.05462895732812
Australia,Tuberculosis,2023,101.29618005923658,99.4062801846054,103.30942009928496
Australia,Tuberculosis,2024,103.32776533992255,101.18196156102297,105.7165669671688
Australia,Tuberculosis,2025,105.36491584702321,102.87547691637732,108.18803633834348
Australia,Tuberculosis,2026,107.3965011277092,104.47178424922485,110.64208529939174
Australia,Tuberculosis,2027,109.4280864083952,106.15156293695065,113.22716848962521
Australia,Tuberculosis,2028,111.45967168908116,107.66687056043834,116.01070351096118
Australia,Tuberculosis,2029,113.49682219618174,109.28454250679721,118.53648479621147
Australia,Tuberculosis,2030,115.52840747686773,110.56699985228508,121.0981223048745
Australia,Cirrhosis and Other Chronic Liver Diseases,2020,2282.0737959062812,2255.69864814263,2306.987385021212
Australia,Cirrhosis and Other Chronic Liver Diseases,2021,2326.5098552053514,2301.548261541669,2353.54265325875
Australia,Cirrhosis and Other Chronic Liver Diseases,2022,2370.825062164437,2344.0846912469424,2398.262153504985
Australia,Cirrhosis and Other Chronic Liver Diseases,2023,2415.1402691235216,2385.8963647554147,2441.79964109179
Australia,Cirrhosis and Other Chronic Liver Diseases,2024,2459.4554760826068,2429.2735166578345,2489.790248236305
Australia,Cirrhosis and Other Chronic Liver Diseases,2025,2503.891535381676,2469.267205769808,2535.974526412385
Australia,Cirrhosis and Other Chronic Liver Diseases,2026,2548.2067423407607,2509.7076314628907,2585.337939033049
Australia,Cirrhosis and Other Chronic Liver Diseases,2027,2592.521949299846,2548.2042903578654,2635.9793203656727
Australia,Cirrhosis and Other Chronic Liver Diseases,2028,2636.8371562589314,2589.2677308779976,2680.9996823435895
Australia,Cirrhosis and Other Chronic Liver Diseases,2029,2681.2732155580015,2624.3185683168476,2732.8516920428515
Australia,Cirrhosis and Other Chronic Liver Diseases,2030,2725.588422517087,2666.6463268726015,2784.7886793795014
Australia,Road Injuries,2020,1613.4242393979714,1594.5581818225573,1632.8700903879756
Australia,Road Injuries,2021,1625.2633199981776,1601.2070757398237,1647.1238117620178
Australia,Road Injuries,2022,1637.0705900162857,1604.6246482009053,1667.1406244859295
Australia,Road Injuries,2023,1648.8778600343937,1606.4036987421189,1694.307602508664
Australia,Road Injuries,2024,1660.6851300525018,1602.5788046540276,1719.8616542999123
Australia,Road Injuries,2025,1672.5242106527126,1596.3158642765788,1752.0901202909824
Australia,Road Injuries,2026,1684.3314806708206,1589.100541273303,1786.1957702148432
Australia,Road Injuries,2027,1696.1387506889287,1584.2621133459722,1822.2601111773386
Australia,Road Injuries,2028,1707.9460207070365,1568.8712533582077,1857.3876826158044
Australia,Road Injuries,2029,1719.7851013072427,1562.3592986474691,1892.9628942192555
Australia,Road Injuries,2030,1731.5923713253505,1548.3373652792166,1928.5599125497222
Japan,Cardiovascular Diseases,2020,371303.7322922797,367511.5030176685,375091.49544128537
Japan,Cardiovascular Diseases,2021,377179.1977454328,373143.2939719349,381319.4134993197
Japan,Cardiovascular Diseases,2022,383039.02728358516,378741.46932755265,387020.3367964629
Japan,Cardiovascular Diseases,2023,388898.8568217371,384574.11665250093,393472.2993827459
Japan,Cardiovascular Diseases,2024,394758.6863598896,390060.36328462674,399648.4878965696
Japan,Cardiovascular Diseases,2025,400634.1518130426,395671.18233099603,405781.0115810373
Japan,Cardiovascular Diseases,2026,406493.98135119485,400748.8048630806,412144.24833314127
Japan,Cardiovascular Diseases,2027,412353.81088934705,406409.3639216335,418370.8613294507
Japan,Cardiovascular Diseases,2028,418213.6404274993,411406.8226233314,425192.77422129735
Japan,Cardiovascular Diseases,2029,424089.1058806522,416638.1916066665,431804.66596074734
Japan,Cardiovascular Diseases,2030,429948.93541880447,420896.68923776504,438548.88708534534
Japan,Neoplasms,2020,444350.7653456238,442261.0952582861,446381.95313995384
Japan,Neoplasms,2021,448831.1765904523,446556.3700522329,450962.6827562792
Japan,Neoplasms,2022,453299.5780599583,450808.6481717193,455770.9485378828
Japan,Neoplasms,2023,457767.979529464,454844.7645482144,460250.09249328764
Japan,Neoplasms,2024,462236.38099897007,458869.89879140223,465518.82133323274
Japan,Neoplasms,2025,466716.79224379844,462184.4210563553,470404.3167773688
Japan,Neoplasms,2026,471185.1937133044,466120.7415268056,476069.72584410704
Japan,Neoplasms,2027,475653.59518281015,469700.6203916795,481247.60296935437
Japan,Neoplasms,2028,480121.9966523162,472806.6554442739,486677.7959948804
Japan,Neoplasms,2029,484602.4078971446,476401.5878304601,492324.31144432974
Japan,Neoplasms,2030,489070.8093666504,479439.729042429,497320.6899319982
Japan,Chronic Respiratory Diseases,2020,56464.48345792488,56087.52798283976,56841.56985507793
Japan,Chronic Respiratory Diseases,2021,57599.678529534045,57212.14162150654,57982.37937859975
Japan,Chronic Respiratory Diseases,2022,58731.745745541855,58302.93668373971,59166.54272581303
Japan,Chronic Respiratory Diseases,2023,59863.81296154966,59339.48870532554,60375.21883620296
Japan,Chronic Respiratory Diseases,2024,60995.88017755746,60458.35585398214,61549.4334805299
Japan,Chronic Respiratory Diseases,2025,62131.07524916666,61479.63947937228,62758.46564873622
Japan,Chronic Respiratory Diseases,2026,63263.142465174446,62498.60084622985,64011.90688034152
Japan,Chronic Respiratory Diseases,2027,64395.20968118226,63453.101556721595,65338.18549313461
Japan,Chronic Respiratory Diseases,2028,65527.276897190066,64427.83256042095,66633.76407568407
Japan,Chronic Respiratory Diseases,2029,66662.47196879925,65341.54634211591,67900.45662087177
Japan,Chronic Respiratory Diseases,2030,67794.53918480704,66297.10421427549,69168.09370808049
Japan,Lower Respiratory Infections,2020,118098.83868520563,116160.05749563052,120167.90404356361
Japan,Lower Respiratory Infections,2021,120111.27818227792,118083.0914633444,122268.20345928926
Japan,Lower Respiratory Infections,2022,122118.41119156966,120063.53185253462,124259.4280755981
Japan,Lower Respiratory Infections,2023,124125.5442008613,121953.4644600139,126337.8125972611
Japan,Lower Respiratory Infections,2024,126132.67721015312,124060.4819028707,128276.72875446692
Japan,Lower Respiratory Infections,2025,128145.11670722533,126103.11517090266,130269.40944997253
Japan,Lower Respiratory Infections,2026,130152.24971651706,128080.91399831444,132317.90530358683
Japan,Lower Respiratory Infections,2027,132159.3827258088,130051.36820891092,134335.9688381479
Japan,Lower Respiratory Infections,2028,134166.5157351005,131887.3680171218,136277.9813700288
Japan,Lower Respiratory Infections,2029,136178.9552321727,133917.37671302864,138318.13997897375
Japan,Lower Respiratory Infections,2030,138186.08824146443,135730.88550341481,140452.23573501376
Japan,Neonatal Disorders,2020,422.50213525565164,408.15187794909883,439.6304673318626
Japan,Neonatal Disorders,2021,389.03847352571813,371.68314680253064,404.9265217937326
Japan,Neonatal Disorders,2022,355.6677740428283,335.93264083703616,373.07869106359084
Japan,Neonatal Disorders,2023,322.29707455993747,301.2619435049781,343.29501287623503
Japan,Neonatal Disorders,2024,288.92637507704825,263.5491275263368,315.66705649152766
Japan,Neonatal Disorders,2025,255.46271334711395,225.40416288265277,286.1797229931373
Japan,Neonatal Disorders,2026,222.09201386422436,187.98089879493696,257.6082698723321
Japan,Neonatal Disorders,2027,188.72131438133383,146.62065383389134,234.21179281421726
Japan,Neonatal Disorders,2028,155.35061489844426,106.91246740463468,207.3390251833902
Japan,Neonatal Disorders,2029,121.88695316851,64.77223998776367,182.92940025051672
Japan,Neonatal Disorders,2030,88.51625368562044,25.230279052108838,155.83546681302826
Japan,Digestive Diseases,2020,61501.982368637626,61034.02546552763,61972.452785303874
Japan,Digestive Diseases,2021,62409.36490947112,61883.09918974397,62912.41278528062
Japan,Digestive Diseases,2022,63314.318662840444,62840.72076928532,63813.67363152211
Japan,Digestive Diseases,2023,64219.272416209715,63627.22725864253,64807.81067860089
Japan,Digestive Diseases,2024,65124.22616957906,64507.080377578124,65792.09965189963
Japan,Digestive Diseases,2025,66031.60871041255,65299.28684591664,66744.53229805359
Japan,Digestive Diseases,2026,66936.56246378184,66085.77393942728,67785.86156209755
Japan,Digestive Diseases,2027,67841.51621715116,66871.76957623813,68788.84578107222
Japan,Digestive Diseases,2028,68746.46997052047,67665.95926680024,69859.33959552024
Japan,Digestive Diseases,2029,69653.85251135395,68445.79614754631,70888.86155148984
Japan,Digestive Diseases,2030,70558.80626472324,69183.42861088878,72041.623369575
Japan,Diarrheal Diseases,2020,3730.13220498825,3701.391279639007,3758.3496588692697
Japan,Diarrheal Diseases,2021,3798.1014105987883,3766.4695767992707,3830.8248061078266
Japan,Diarrheal Diseases,2022,3865.894424869622,3825.9721097934917,3907.908839802189
Japan,Diarrheal Diseases,2023,3933.6874391404517,3881.6639345924686,3993.0414766599156
Japan,Diarrheal Diseases,2024,4001.480453411289,3930.2656080576844,4086.8634008398058
Japan,Diarrheal Diseases,2025,4069.4496590218237,3970.77340111772,4178.730419519568
Japan,Diarrheal Diseases,2026,4137.242673292657,4019.6134386424064,4267.812520969543
Japan,Diarrheal Diseases,2027,4205.035687563491,4062.253824176443,4363.53286191113
Japan,Diarrheal Diseases,2028,4272.8287018343235,4099.106147131554,4460.488694091668
Japan,Diarrheal Diseases,2029,4340.797907444859,4137.428133029575,4561.596389365452
Japan,Diarrheal Diseases,2030,4408.590921715691,4169.734772414784,4652.8595639539635
Japan,Tuberculosis,2020,3567.8665353365504,3439.108503102353,3700.852207472613
Japan,Tuberculosis,2021,3537.3189177520944,3399.6077735400827,3660.898800808614
Japan,Tuberculosis,2022,3506.836679845192,3373.205000026171,3637.997552844969
Japan,Tuberculosis,2023,3476.3544419383047,3337.5803725544147,3615.6439544473787
Japan,Tuberculosis,2024,3445.872204031393,3316.724761613336,3578.731748567716
Japan,Tuberculosis,2025,3415.324586446946,3288.1630970859796,3564.8776747028055
Japan,Tuberculosis,2026,3384.8423485400444,3244.174835181726,3521.7909525231944
Japan,Tuberculosis,2027,3354.360110633147,3200.0788071101306,3499.2996063892333
Japan,Tuberculosis,2028,3323.877872726245,3175.0975940648623,3469.911555042649
Japan,Tuberculosis,2029,3293.3302551417996,3149.6181271642495,3439.371734864107
Japan,Tuberculosis,2030,3262.8480172348977,3103.418219101759,3412.753660749389
Japan,Cirrhosis and Other Chronic Liver Diseases,2020,26265.413945415174,25840.184680580263,26696.138067870113
Japan,Cirrhosis and Other Chronic Liver Diseases,2021,26363.38875041536,25957.836137606108,26787.94342262673
Japan,Cirrhosis and Other Chronic Liver Diseases,2022,26461.19003505874,26044.851309690173,26858.55050910567
Japan,Cirrhosis and Other Chronic Liver Diseases,2023,26558.991319702094,26153.8529776938,26961.041481378383
Japan,Cirrhosis and Other Chronic Liver Diseases,2024,26656.79260434552,26242.152904722137,27080.547938189586
Japan,Cirrhosis and Other Chronic Liver Diseases,2025,26754.767409345663,26311.46448163454,27167.892110492932
Japan,Cirrhosis and Other Chronic Liver Diseases,2026,26852.568693989037,26400.247081095196,27298.712472315503
Japan,Cirrhosis and Other Chronic Liver Diseases,2027,26950.36997863244,26519.813653644513,27421.128472183016
Japan,Cirrhosis and Other Chronic Liver Diseases,2028,27048.17126327582,26568.421927568277,27533.71619236333
Japan,Cirrhosis and Other Chronic Liver Diseases,2029,27146.14606827596,26687.93658392848,27607.210715770918
Japan,Cirrhosis and Other Chronic Liver Diseases,2030,27243.94735291934,26736.76197208162,27763.240701401126
Japan,Road Injuries,2020,6425.721835270408,6267.499644477708,6589.4108680696045
Japan,Road Injuries,2021,6302.527688522934,6124.502730813675,6462.608983025867
Japan,Road Injuries,2022,6179.638788989688,5964.454862830406,6398.979871702639
Japan,Road Injuries,2023,6056.749889456455,5760.839357014431,6334.103765745255
Japan,Road Injuries,2024,5933.860989923197,5578.367950014546,6280.555512594913
Japan,Road Injuries,2025,5810.666843175734,5358.267218369675,6246.7360471200245
Japan,Road Injuries,2026,5687.777943642488,5152.918829542903,6226.575678017219
Japan,Road Injuries,2027,5564.8890441092435,4916.568643095947,6196.04649637836
Japan,Road Injuries,2028,5442.000144575997,4643.216071599642,6276.852408960142
Japan,Road Injuries,2029,5318.805997828535,4355.019388881546,6198.060651900837
Japan,Road Injuries,2030,5195.91709829529,4091.4394059348183,6253.28697620787
